-- MySQL dump 10.13  Distrib 5.7.25, for Linux (x86_64)
--
-- Host: localhost    Database: liga1819
-- ------------------------------------------------------
-- Server version	5.7.25-0ubuntu0.18.04.2

/*!40101 SET @OLD_CHARACTER_SET_CLIENT=@@CHARACTER_SET_CLIENT */;
/*!40101 SET @OLD_CHARACTER_SET_RESULTS=@@CHARACTER_SET_RESULTS */;
/*!40101 SET @OLD_COLLATION_CONNECTION=@@COLLATION_CONNECTION */;
/*!40101 SET NAMES utf8 */;
/*!40103 SET @OLD_TIME_ZONE=@@TIME_ZONE */;
/*!40103 SET TIME_ZONE='+00:00' */;
/*!40014 SET @OLD_UNIQUE_CHECKS=@@UNIQUE_CHECKS, UNIQUE_CHECKS=0 */;
/*!40014 SET @OLD_FOREIGN_KEY_CHECKS=@@FOREIGN_KEY_CHECKS, FOREIGN_KEY_CHECKS=0 */;
/*!40101 SET @OLD_SQL_MODE=@@SQL_MODE, SQL_MODE='NO_AUTO_VALUE_ON_ZERO' */;
/*!40111 SET @OLD_SQL_NOTES=@@SQL_NOTES, SQL_NOTES=0 */;

--
-- Table structure for table `equipo`
--

DROP TABLE IF EXISTS `equipo`;
/*!40101 SET @saved_cs_client     = @@character_set_client */;
/*!40101 SET character_set_client = utf8 */;
CREATE TABLE `equipo` (
  `id` int(11) NOT NULL AUTO_INCREMENT,
  `id_estadio` int(11) DEFAULT NULL,
  `nombre` varchar(100) COLLATE utf8mb4_unicode_ci NOT NULL,
  `escudo` varchar(50) COLLATE utf8mb4_unicode_ci NOT NULL,
  `entrenador` varchar(100) COLLATE utf8mb4_unicode_ci NOT NULL,
  `fundacion` int(11) NOT NULL,
  `nombre_club` varchar(100) COLLATE utf8mb4_unicode_ci NOT NULL,
  `direccion` varchar(255) COLLATE utf8mb4_unicode_ci NOT NULL,
  PRIMARY KEY (`id`),
  UNIQUE KEY `UNIQ_C49C530BBEED7391` (`id_estadio`),
  CONSTRAINT `FK_C49C530BBEED7391` FOREIGN KEY (`id_estadio`) REFERENCES `estadio` (`id`)
) ENGINE=InnoDB AUTO_INCREMENT=746 DEFAULT CHARSET=utf8mb4 COLLATE=utf8mb4_unicode_ci;
/*!40101 SET character_set_client = @saved_cs_client */;

--
-- Dumping data for table `equipo`
--

LOCK TABLES `equipo` WRITE;
/*!40000 ALTER TABLE `equipo` DISABLE KEYS */;
INSERT INTO `equipo` VALUES (77,1,'Athletic','Athletic_Club_Bilbao.png','Eduardo Berizzo',1898,'Athletic Club','Ibaigane, Alameda Mazarredo, 23 Bilbao 48009'),(78,2,'Atlético','Atletico_Madrid_logo.png','Diego Simeone',1903,'Club Atlético de Madrid','Paseo Virgen del Puerto, 67 Madrid 28005'),(80,3,'Espanyol','RCD_Espanyol_De_Barcelona.svg','Rubí',1900,'RCD Espanyol de Barcelona','Avenida Baix Llobregat, 100 Cornellà de Llobregat 08940'),(81,4,'Barcelona','Fc_barcelona.svg','Ernesto Valverde',1899,'FC Barcelona','Avenida Arístides Maillol s/n Barcelona 08028'),(82,5,'Getafe','Getafe_logo.png','Pepe Bordalás',1946,'Getafe CF','Avenida Teresa de Calcuta, s/n Getafe 28903'),(86,6,'Real Madrid','Real_Madrid_Logo.svg','Solari',1902,'Real Madrid CF','Avenida Concha Espina, 1 Madrid 28036'),(87,7,'Rayo Vallecano','Rayo_vallecano_madrid.svg','Michel',1924,'Rayo Vallecano de Madrid','Calle del Payaso Fofó, s/n Madrid 28018'),(88,8,'Levante','Levante_ud.svg','',1909,'Levante UD','Calle San Vicente de Paúl, 44 Valencia 46019'),(90,9,'Betis','Real_Betis.svg','Quique Setién',1907,'Real Betis Balompié','Avenida de Heliópolis, s/n Sevilla 41012'),(92,10,'Real Sociedad','Real_Sociedad_San_Sebastian.svg','Asier Garitano',1903,'Real Sociedad de Fútbol','Anoeta Pasalekua, 1 San Sebastián 20014'),(94,11,'Villarreal','Villarreal_CF_logo.svg','Javier Calleja',1923,'Villarreal CF','Camino Miralcamp, s/n Villarreal 12540'),(95,12,'Valencia','FC_Valencia.svg','Marcelino',1919,'Valencia CF','Plaza del Valencia Club de Fútbol, 2 Valencia 46010'),(250,13,'Valladolid','Real_Valladolid_Logo.svg','Sergio',1928,'Real Valladolid CF','Avenida del Mundial, 82 Valladolid 47014'),(263,14,'Alavés','Deportivo_Alaves_logo.svg','Abelardo',1921,'Deportivo Alavés','Mendizorroza, Paseo Cervantes, s/n Vitoria 01007'),(278,15,'Eibar','SD_Eibar_logo.svg','',1940,'SD Eibar','Ipurua Kalea, 2 Eibar 20600'),(298,16,'Girona','For_article_Girona_FC.svg','Sacristán',1930,'Girona FC','Avinguda de Montilivi, 141 Girona 17003'),(299,17,'Huesca','Sd_huesca.png','Francisco',1910,'SD Huesca','Calle Cocoron, s/n Huesca 22004'),(558,18,'Celta','Celta_Vigo.svg','Antonio Mohamed',1923,'RC Celta de Vigo','Calle del Conde de Gondomar, 1 Vigo 36203'),(559,19,'Sevilla','Sevilla_cf_200px.png','Pablo Machín',1905,'Sevilla FC','Calle Sevilla Fútbol Club, s/n Sevilla 41005'),(745,20,'Leganés','180px-Club_Deportivo_Leganes.png','Mauricio Pellegrino',1928,'CD Leganés','Calle Arquitectura, s/n Leganés 28914');
/*!40000 ALTER TABLE `equipo` ENABLE KEYS */;
UNLOCK TABLES;

--
-- Table structure for table `estadio`
--

DROP TABLE IF EXISTS `estadio`;
/*!40101 SET @saved_cs_client     = @@character_set_client */;
/*!40101 SET character_set_client = utf8 */;
CREATE TABLE `estadio` (
  `id` int(11) NOT NULL AUTO_INCREMENT,
  `nombre` varchar(100) COLLATE utf8mb4_unicode_ci NOT NULL,
  `capacidad` int(11) NOT NULL,
  `imagen` varchar(20) COLLATE utf8mb4_unicode_ci NOT NULL,
  PRIMARY KEY (`id`)
) ENGINE=InnoDB AUTO_INCREMENT=21 DEFAULT CHARSET=utf8mb4 COLLATE=utf8mb4_unicode_ci;
/*!40101 SET character_set_client = @saved_cs_client */;

--
-- Dumping data for table `estadio`
--

LOCK TABLES `estadio` WRITE;
/*!40000 ALTER TABLE `estadio` DISABLE KEYS */;
INSERT INTO `estadio` VALUES (1,'Estadio San Mamés',0,'url'),(2,'Estadio Wanda Metropolitano',0,'url'),(3,'RCDE Stadium',0,'url'),(4,'Camp Nou',0,'url'),(5,'Coliseum Alfonso Pérez',0,'url'),(6,'Estadio Santiago Bernabéu',0,'url'),(7,'Estadio del Rayo Vallecano',0,'url'),(8,'Estadio Ciudad de Valencia',0,'url'),(9,'Estadio Benito Villamarín',0,'url'),(10,'Estadio Municipal de Anoeta',0,'url'),(11,'Estadio de la Cerámica',0,'url'),(12,'Estadio de Mestalla',0,'url'),(13,'Estadio Municipal José Zorrilla',0,'url'),(14,'Estadio de Mendizorroza',0,'url'),(15,'Estadio Municipal de Ipurúa',0,'url'),(16,'Estadi Municipal de Montilivi',0,'url'),(17,'Estadio El Alcoraz',0,'url'),(18,'Estadio de Balaídos',0,'url'),(19,'Estadio Ramón Sánchez Pizjuán',0,'url'),(20,'Estadio Municipal de Butarque',0,'url');
/*!40000 ALTER TABLE `estadio` ENABLE KEYS */;
UNLOCK TABLES;

--
-- Table structure for table `estadistica`
--

DROP TABLE IF EXISTS `estadistica`;
/*!40101 SET @saved_cs_client     = @@character_set_client */;
/*!40101 SET character_set_client = utf8 */;
CREATE TABLE `estadistica` (
  `id` int(11) NOT NULL AUTO_INCREMENT,
  `id_equipo` int(11) DEFAULT NULL,
  `id_jornada` smallint(6) DEFAULT NULL,
  `puntos` int(11) NOT NULL,
  `jugados` int(11) NOT NULL,
  `ganados` int(11) NOT NULL,
  `ganados_local` int(11) NOT NULL,
  `ganados_visitante` int(11) NOT NULL,
  `empatados` int(11) NOT NULL,
  `empatados_local` int(11) NOT NULL,
  `empatados_visitante` int(11) NOT NULL,
  `perdidos` int(11) NOT NULL,
  `perdidos_local` int(11) NOT NULL,
  `perdidos_visitante` int(11) NOT NULL,
  `goles_favor` int(11) NOT NULL,
  `goles_favor_local` int(11) NOT NULL,
  `goles_favor_visitante` int(11) NOT NULL,
  `goles_contra` int(11) NOT NULL,
  `goles_contra_local` int(11) NOT NULL,
  `goles_contra_visitante` int(11) NOT NULL,
  PRIMARY KEY (`id`),
  KEY `IDX_DF3A8544E2ABE6E6` (`id_equipo`),
  KEY `IDX_DF3A8544BF4FB5CF` (`id_jornada`),
  CONSTRAINT `FK_DF3A8544BF4FB5CF` FOREIGN KEY (`id_jornada`) REFERENCES `jornada` (`id`),
  CONSTRAINT `FK_DF3A8544E2ABE6E6` FOREIGN KEY (`id_equipo`) REFERENCES `equipo` (`id`)
) ENGINE=InnoDB AUTO_INCREMENT=1661 DEFAULT CHARSET=utf8mb4 COLLATE=utf8mb4_unicode_ci;
/*!40101 SET character_set_client = @saved_cs_client */;

--
-- Dumping data for table `estadistica`
--

LOCK TABLES `estadistica` WRITE;
/*!40000 ALTER TABLE `estadistica` DISABLE KEYS */;
INSERT INTO `estadistica` VALUES (1121,298,1,1,1,0,0,0,1,1,0,0,0,0,0,0,0,0,0,0),(1122,250,1,1,1,0,0,0,1,0,1,0,0,0,0,0,0,0,0,0),(1123,90,1,0,1,0,0,0,0,0,0,1,1,0,0,0,0,3,3,0),(1124,88,1,3,1,1,0,1,0,0,0,0,0,0,3,0,3,0,0,0),(1125,558,1,1,1,0,0,0,1,1,0,0,0,0,1,1,0,1,1,0),(1126,80,1,1,1,0,0,0,1,0,1,0,0,0,1,0,1,1,0,1),(1127,94,1,0,1,0,0,0,0,0,0,1,1,0,1,1,0,2,2,0),(1128,92,1,3,1,1,0,1,0,0,0,0,0,0,2,0,2,1,0,1),(1129,81,1,3,1,1,1,0,0,0,0,0,0,0,3,3,0,0,0,0),(1130,263,1,0,1,0,0,0,0,0,0,1,0,1,0,0,0,3,0,3),(1131,278,1,0,1,0,0,0,0,0,0,1,1,0,1,1,0,2,2,0),(1132,299,1,3,1,1,0,1,0,0,0,0,0,0,2,0,2,1,0,1),(1133,87,1,0,1,0,0,0,0,0,0,1,1,0,1,1,0,4,4,0),(1134,559,1,3,1,1,0,1,0,0,0,0,0,0,4,0,4,1,0,1),(1135,86,1,3,1,1,1,0,0,0,0,0,0,0,2,2,0,0,0,0),(1136,82,1,0,1,0,0,0,0,0,0,1,0,1,0,0,0,2,0,2),(1137,95,1,1,1,0,0,0,1,1,0,0,0,0,1,1,0,1,1,0),(1138,78,1,1,1,0,0,0,1,0,1,0,0,0,1,0,1,1,0,1),(1139,77,1,3,1,1,1,0,0,0,0,0,0,0,2,2,0,1,1,0),(1140,745,1,0,1,0,0,0,0,0,0,1,0,1,1,0,1,2,0,2),(1141,82,2,3,2,1,1,0,0,0,0,1,0,1,2,2,0,2,0,2),(1142,278,2,0,2,0,0,0,0,0,0,2,1,1,1,1,0,4,2,2),(1143,745,2,1,2,0,0,0,1,1,0,1,0,1,3,2,1,4,2,2),(1144,92,2,4,2,1,0,1,1,0,1,0,0,0,4,0,4,3,0,3),(1145,263,2,1,2,0,0,0,1,1,0,1,0,1,0,0,0,3,0,3),(1146,90,2,1,2,0,0,0,1,0,1,1,1,0,0,0,0,3,3,0),(1147,78,2,4,2,1,1,0,1,0,1,0,0,0,2,1,1,1,0,1),(1148,87,2,0,2,0,0,0,0,0,0,2,1,1,1,1,0,5,4,1),(1149,250,2,1,2,0,0,0,1,0,1,1,1,0,0,0,0,1,1,0),(1150,81,2,6,2,2,1,1,0,0,0,0,0,0,4,3,1,0,0,0),(1151,80,2,4,2,1,1,0,1,0,1,0,0,0,3,2,1,1,0,1),(1152,95,2,1,2,0,0,0,1,1,0,1,0,1,1,1,0,3,1,2),(1153,298,2,1,2,0,0,0,1,1,0,1,1,0,1,1,0,4,4,0),(1154,86,2,6,2,2,1,1,0,0,0,0,0,0,6,2,4,1,0,1),(1155,559,2,4,2,1,0,1,1,1,0,0,0,0,4,0,4,1,0,1),(1156,94,2,1,2,0,0,0,1,0,1,1,1,0,1,1,0,2,2,0),(1157,88,2,3,2,1,0,1,0,0,0,1,1,0,4,1,3,2,2,0),(1158,558,2,4,2,1,0,1,1,1,0,0,0,0,3,1,2,2,1,1),(1159,77,2,4,2,1,1,0,1,1,0,0,0,0,4,4,0,3,3,0),(1160,299,2,4,2,1,0,1,1,0,1,0,0,0,4,0,4,3,0,3),(1161,82,3,4,3,1,1,0,1,1,0,1,0,1,2,2,0,2,0,2),(1162,250,3,2,3,0,0,0,2,0,2,1,1,0,0,0,0,1,1,0),(1163,278,3,3,3,1,1,0,0,0,0,2,1,1,3,3,0,5,3,2),(1164,92,3,4,3,1,0,1,1,0,1,1,0,1,5,0,5,5,0,5),(1165,94,3,1,3,0,0,0,1,0,1,2,2,0,1,1,0,3,3,0),(1166,298,3,4,3,1,0,1,1,1,0,1,1,0,2,1,1,4,4,0),(1167,558,3,7,3,2,1,1,1,1,0,0,0,0,5,3,2,2,1,1),(1168,78,3,4,3,1,1,0,1,0,1,1,0,1,2,1,1,3,0,3),(1169,86,3,9,3,3,2,1,0,0,0,0,0,0,10,6,4,2,1,1),(1170,745,3,1,3,0,0,0,1,1,0,2,0,2,4,2,2,8,2,6),(1171,88,3,4,3,1,0,1,1,1,0,1,1,0,6,3,3,4,4,0),(1172,95,3,2,3,0,0,0,2,1,1,1,0,1,3,1,2,5,1,4),(1173,263,3,4,3,1,1,0,1,1,0,1,0,1,2,2,0,4,1,3),(1174,80,3,4,3,1,1,0,1,0,1,1,0,1,4,2,2,3,0,3),(1175,81,3,9,3,3,2,1,0,0,0,0,0,0,12,11,1,2,2,0),(1176,299,3,4,3,1,0,1,1,0,1,1,0,1,6,0,6,11,0,11),(1177,90,3,4,3,1,1,0,1,0,1,1,1,0,1,1,0,3,3,0),(1178,559,3,4,3,1,0,1,1,1,0,1,0,1,4,0,4,2,0,2),(1179,87,3,1,3,0,0,0,1,1,0,2,1,1,2,2,0,6,5,1),(1180,77,3,5,3,1,1,0,2,1,1,0,0,0,5,4,1,4,3,1),(1181,299,4,4,4,1,0,1,1,0,1,2,1,1,6,0,6,12,1,11),(1182,87,4,4,4,1,0,1,1,1,0,2,1,1,3,2,1,6,5,1),(1183,78,4,5,4,1,1,0,2,1,1,1,0,1,3,2,1,4,1,3),(1184,278,4,4,4,1,1,0,1,0,1,2,1,1,4,3,1,6,3,3),(1185,92,4,4,4,1,0,1,1,0,1,2,1,1,6,1,5,7,2,5),(1186,81,4,12,4,4,2,2,0,0,0,0,0,0,14,11,3,3,2,1),(1187,95,4,3,4,0,0,0,3,2,1,1,0,1,3,1,2,5,1,4),(1188,90,4,5,4,1,1,0,2,0,2,1,1,0,1,1,0,3,3,0),(1189,77,4,6,4,1,1,0,3,2,1,0,0,0,6,5,1,5,4,1),(1190,86,4,10,4,3,2,1,1,0,1,0,0,0,11,6,5,3,1,2),(1191,745,4,1,4,0,0,0,1,1,0,3,1,2,4,2,2,9,3,6),(1192,94,4,4,4,1,0,1,1,0,1,2,2,0,2,1,1,3,3,0),(1193,80,4,7,4,2,2,0,1,0,1,1,0,1,5,3,2,3,0,3),(1194,88,4,4,4,1,0,1,1,1,0,2,1,1,6,3,3,5,4,1),(1195,250,4,2,4,0,0,0,2,0,2,2,2,0,0,0,0,2,2,0),(1196,263,4,7,4,2,1,1,1,1,0,1,0,1,3,2,1,4,1,3),(1197,559,4,4,4,1,0,1,1,1,0,2,1,1,4,0,4,4,2,2),(1198,82,4,7,4,2,1,1,1,1,0,1,0,1,4,2,2,2,0,2),(1199,298,4,7,4,2,1,1,1,1,0,1,1,0,5,4,1,6,6,0),(1200,558,4,7,4,2,1,1,1,1,0,1,0,1,7,3,4,5,1,4),(1201,299,5,4,5,1,0,1,1,0,1,3,2,1,6,0,6,13,2,11),(1202,92,5,7,5,2,0,2,1,0,1,2,1,1,7,1,6,7,2,5),(1203,87,5,4,5,1,0,1,1,1,0,3,2,1,4,3,1,11,10,1),(1204,263,5,10,5,3,1,2,1,1,0,1,0,1,8,2,6,5,1,4),(1205,558,5,8,5,2,1,1,2,2,0,1,0,1,10,6,4,8,4,4),(1206,250,5,3,5,0,0,0,3,0,3,2,2,0,3,0,3,5,2,3),(1207,278,5,7,5,2,2,0,1,0,1,2,1,1,5,4,1,6,3,3),(1208,745,5,1,5,0,0,0,1,1,0,4,1,3,4,2,2,10,3,7),(1209,82,5,7,5,2,1,1,1,1,0,2,1,1,4,2,2,4,2,2),(1210,78,5,8,5,2,1,1,2,1,1,1,0,1,5,2,3,4,1,3),(1211,86,5,13,5,4,3,1,1,0,1,0,0,0,12,7,5,3,1,2),(1212,80,5,7,5,2,2,0,1,0,1,2,0,2,5,3,2,4,0,4),(1213,88,5,4,5,1,0,1,1,1,0,3,2,1,8,5,3,11,10,1),(1214,559,5,7,5,2,0,2,1,1,0,2,1,1,10,0,10,6,2,4),(1215,94,5,5,5,1,0,1,2,1,1,2,2,0,2,1,1,3,3,0),(1216,95,5,4,5,0,0,0,4,2,2,1,0,1,3,1,2,5,1,4),(1217,90,5,6,5,1,1,0,3,1,2,1,1,0,3,3,0,5,5,0),(1218,77,5,7,5,1,1,0,4,2,2,0,0,0,8,5,3,7,4,3),(1219,81,5,13,5,4,2,2,1,1,0,0,0,0,16,13,3,5,4,1),(1220,298,5,8,5,2,1,1,2,1,1,1,1,0,7,4,3,8,6,2),(1221,80,6,10,6,3,3,0,1,0,1,2,0,2,6,4,2,4,0,4),(1222,278,6,7,6,2,2,0,1,0,1,3,1,2,5,4,1,7,3,4),(1223,92,6,8,6,2,0,2,2,1,1,2,1,1,9,3,6,9,4,5),(1224,87,6,5,6,1,0,1,2,1,1,3,2,1,6,3,3,13,10,3),(1225,78,6,11,6,3,2,1,2,1,1,1,0,1,8,5,3,4,1,3),(1226,299,6,4,6,1,0,1,1,0,1,4,2,2,6,0,6,16,2,14),(1227,77,6,7,6,1,1,0,4,2,2,1,1,0,8,5,3,10,7,3),(1228,94,6,8,6,2,0,2,2,1,1,2,2,0,5,1,4,3,3,0),(1229,745,6,4,6,1,1,0,1,1,0,4,1,3,6,4,2,11,4,7),(1230,81,6,13,6,4,2,2,1,1,0,1,0,1,17,13,4,7,4,3),(1231,95,6,5,6,0,0,0,5,3,2,1,0,1,4,2,2,6,2,4),(1232,558,6,9,6,2,1,1,3,2,1,1,0,1,11,6,5,9,4,5),(1233,559,6,10,6,3,1,2,1,1,0,2,1,1,13,3,10,6,2,4),(1234,86,6,13,6,4,3,1,1,0,1,1,0,1,12,7,5,6,1,5),(1235,263,6,11,6,3,1,2,2,2,0,1,0,1,9,3,6,6,2,4),(1236,82,6,8,6,2,1,1,2,1,1,2,1,1,5,2,3,5,2,3),(1237,250,6,6,6,1,1,0,3,0,3,2,2,0,5,2,3,6,3,3),(1238,88,6,4,6,1,0,1,1,1,0,4,2,2,9,5,4,13,10,3),(1239,298,6,8,6,2,1,1,2,1,1,2,2,0,7,4,3,9,7,2),(1240,90,6,9,6,2,1,1,3,1,2,1,1,0,4,3,1,5,5,0),(1241,87,7,6,7,1,0,1,3,2,1,3,2,1,8,5,3,15,12,3),(1242,80,7,11,7,3,3,0,2,0,2,2,0,2,8,4,4,6,0,6),(1243,92,7,8,7,2,0,2,2,1,1,3,2,1,9,3,6,10,5,5),(1244,95,7,8,7,1,0,1,5,3,2,1,0,1,5,2,3,6,2,4),(1245,81,7,14,7,4,2,2,2,2,0,1,0,1,18,14,4,8,5,3),(1246,77,7,8,7,1,1,0,5,2,3,1,1,0,9,5,4,11,7,4),(1247,278,7,7,7,2,2,0,1,0,1,4,2,2,6,5,1,10,6,4),(1248,559,7,13,7,4,1,3,1,1,0,2,1,1,16,3,13,7,2,5),(1249,86,7,14,7,4,3,1,2,1,1,1,0,1,12,7,5,6,1,5),(1250,78,7,12,7,3,2,1,3,1,2,1,0,1,8,5,3,4,1,3),(1251,299,7,5,7,1,0,1,2,1,1,4,2,2,7,1,6,17,3,14),(1252,298,7,9,7,2,1,1,3,1,2,2,2,0,8,4,4,10,7,3),(1253,94,7,8,7,2,0,2,2,1,1,3,3,0,5,1,4,4,4,0),(1254,250,7,9,7,2,1,1,3,0,3,2,2,0,6,2,4,6,3,3),(1255,88,7,7,7,2,1,1,1,1,0,4,2,2,11,7,4,14,11,3),(1256,263,7,11,7,3,1,2,2,2,0,2,0,2,10,3,7,8,2,6),(1257,90,7,12,7,3,2,1,3,1,2,1,1,0,5,4,1,5,5,0),(1258,745,7,4,7,1,1,0,1,1,0,5,1,4,6,4,2,12,4,8),(1259,558,7,10,7,2,1,1,4,3,1,1,0,1,12,7,5,10,5,5),(1260,82,7,9,7,2,1,1,3,1,2,2,1,1,6,2,4,6,2,4),(1261,77,8,8,8,1,1,0,5,2,3,2,2,0,10,6,4,14,10,4),(1262,92,8,11,8,3,0,3,2,1,1,3,2,1,12,3,9,11,5,6),(1263,298,8,9,8,2,1,1,3,1,2,3,3,0,10,6,4,13,10,3),(1264,278,8,10,8,3,2,1,1,0,1,4,2,2,9,5,4,12,6,6),(1265,82,8,9,8,2,1,1,3,1,2,3,2,1,6,2,4,7,3,4),(1266,88,8,10,8,3,1,2,1,1,0,4,2,2,12,7,5,14,11,3),(1267,263,8,14,8,4,2,2,2,2,0,2,0,2,11,4,7,8,2,6),(1268,86,8,14,8,4,3,1,2,1,1,2,0,2,12,7,5,7,1,6),(1269,745,8,7,8,2,2,0,1,1,0,5,1,4,7,5,2,12,4,8),(1270,87,8,6,8,1,0,1,3,2,1,4,2,2,8,5,3,16,12,4),(1271,250,8,12,8,3,2,1,3,0,3,2,2,0,7,3,4,6,3,3),(1272,299,8,5,8,1,0,1,2,1,1,5,2,3,7,1,6,18,3,15),(1273,78,8,15,8,4,3,1,3,1,2,1,0,1,9,6,3,4,1,3),(1274,90,8,12,8,3,2,1,3,1,2,2,1,1,5,4,1,6,5,1),(1275,80,8,14,8,4,4,0,2,0,2,2,0,2,11,7,4,7,1,6),(1276,94,8,8,8,2,0,2,2,1,1,4,3,1,6,1,5,7,4,3),(1277,559,8,16,8,5,2,3,1,1,0,2,1,1,18,5,13,8,3,5),(1278,558,8,10,8,2,1,1,4,3,1,2,0,2,13,7,6,12,5,7),(1279,95,8,9,8,1,0,1,6,4,2,1,0,1,6,3,3,7,3,4),(1280,81,8,15,8,4,2,2,3,2,1,1,0,1,19,14,5,9,5,4),(1281,558,9,10,9,2,1,1,4,3,1,3,1,2,13,7,6,13,6,7),(1282,263,9,17,9,5,2,3,2,2,0,2,0,2,12,4,8,8,2,6),(1283,86,9,14,9,4,3,1,2,1,1,3,1,2,13,8,5,9,3,6),(1284,88,9,13,9,4,1,3,1,1,0,4,2,2,14,7,7,15,11,4),(1285,95,9,10,9,1,0,1,7,5,2,1,0,1,7,4,3,8,4,4),(1286,745,9,8,9,2,2,0,2,1,1,5,1,4,8,5,3,13,4,9),(1287,94,9,9,9,2,0,2,3,2,1,4,3,1,7,2,5,8,5,3),(1288,78,9,16,9,4,3,1,4,1,3,1,0,1,10,6,4,5,1,4),(1289,81,9,18,9,5,3,2,3,2,1,1,0,1,23,18,5,11,7,4),(1290,559,9,16,9,5,2,3,1,1,0,3,1,2,20,5,15,12,3,9),(1291,87,9,6,9,1,0,1,3,2,1,5,3,2,9,6,3,18,14,4),(1292,82,9,12,9,3,1,2,3,1,2,3,2,1,8,2,6,8,3,5),(1293,278,9,11,9,3,2,1,2,1,1,4,2,2,10,6,4,13,7,6),(1294,77,9,9,9,1,1,0,6,2,4,2,2,0,11,6,5,15,10,5),(1295,299,9,5,9,1,0,1,2,1,1,6,3,3,7,1,6,20,5,15),(1296,80,9,17,9,5,4,1,2,0,2,2,0,2,13,7,6,7,1,6),(1297,90,9,12,9,3,2,1,3,1,2,3,2,1,5,4,1,7,6,1),(1298,250,9,15,9,4,2,2,3,0,3,2,2,0,8,3,5,6,3,3),(1299,92,9,12,9,3,0,3,3,2,1,3,2,1,12,3,9,11,5,6),(1300,298,9,10,9,2,1,1,4,1,3,3,3,0,10,6,4,13,10,3),(1301,250,10,16,10,4,2,2,4,1,3,2,2,0,9,4,5,7,4,3),(1302,80,10,18,10,5,4,1,3,0,3,2,0,2,14,7,7,8,1,7),(1303,298,10,13,10,3,2,1,4,1,3,3,3,0,12,8,4,14,11,3),(1304,87,10,6,10,1,0,1,3,2,1,6,3,3,10,6,4,20,14,6),(1305,77,10,10,10,1,1,0,7,3,4,2,2,0,11,6,5,15,10,5),(1306,95,10,11,10,1,0,1,8,5,3,1,0,1,7,4,3,8,4,4),(1307,558,10,13,10,3,2,1,4,3,1,3,1,2,17,11,6,13,6,7),(1308,278,10,11,10,3,2,1,2,1,1,5,2,3,10,6,4,17,7,10),(1309,88,10,16,10,5,2,3,1,1,0,4,2,2,16,9,7,15,11,4),(1310,745,10,8,10,2,2,0,2,1,1,6,1,5,8,5,3,15,4,11),(1311,78,10,19,10,5,4,1,4,1,3,1,0,1,12,8,4,5,1,4),(1312,92,10,12,10,3,0,3,3,2,1,4,2,2,12,3,9,13,5,8),(1313,82,10,15,10,4,2,2,3,1,2,3,2,1,10,4,6,8,3,5),(1314,90,10,12,10,3,2,1,3,1,2,4,2,2,5,4,1,9,6,3),(1315,81,10,21,10,6,4,2,3,2,1,1,0,1,28,23,5,12,8,4),(1316,86,10,14,10,4,3,1,2,1,1,4,1,3,14,8,6,14,3,11),(1317,263,10,20,10,6,3,3,2,2,0,2,0,2,14,6,8,9,3,6),(1318,94,10,9,10,2,0,2,3,2,1,5,3,2,8,2,6,10,5,5),(1319,559,10,19,10,6,3,3,1,1,0,3,1,2,22,7,15,13,4,9),(1320,299,10,5,10,1,0,1,2,1,1,7,3,4,8,1,7,22,5,17),(1321,745,11,9,11,2,2,0,3,2,1,6,1,5,9,6,3,16,5,11),(1322,78,11,20,11,5,4,1,5,1,4,1,0,1,13,8,5,6,1,5),(1323,86,11,17,11,5,4,1,2,1,1,4,1,3,16,10,6,14,3,11),(1324,250,11,16,11,4,2,2,4,1,3,3,2,1,9,4,5,9,4,5),(1325,95,11,11,11,1,0,1,8,5,3,2,1,1,7,4,3,9,5,4),(1326,298,11,16,11,4,2,2,4,1,3,3,3,0,13,8,5,14,11,3),(1327,87,11,6,11,1,0,1,3,2,1,7,4,3,12,8,4,23,17,6),(1328,81,11,24,11,7,4,3,3,2,1,1,0,1,31,23,8,14,8,6),(1329,278,11,14,11,4,3,1,2,1,1,5,2,3,12,8,4,18,8,10),(1330,263,11,20,11,6,3,3,2,2,0,3,0,3,15,6,9,11,3,8),(1331,94,11,10,11,2,0,2,4,3,1,5,3,2,9,3,6,11,6,5),(1332,88,11,17,11,5,2,3,2,1,1,4,2,2,17,9,8,16,11,5),(1333,92,11,13,11,3,0,3,4,3,1,4,2,2,12,3,9,13,5,8),(1334,559,11,20,11,6,3,3,2,1,1,3,1,2,22,7,15,13,4,9),(1335,299,11,6,11,1,0,1,3,2,1,7,3,4,9,2,7,23,6,17),(1336,82,11,16,11,4,2,2,4,1,3,3,2,1,11,4,7,9,3,6),(1337,90,11,13,11,3,2,1,4,2,2,4,2,2,8,7,1,12,9,3),(1338,558,11,14,11,3,2,1,5,3,2,3,1,2,20,11,9,16,6,10),(1339,80,11,21,11,6,5,1,3,0,3,2,0,2,15,8,7,8,1,7),(1340,77,11,10,11,1,1,0,7,3,4,3,2,1,11,6,5,16,10,6),(1341,88,12,17,12,5,2,3,2,1,1,5,3,2,18,10,8,19,14,5),(1342,92,12,16,12,4,0,4,4,3,1,4,2,2,15,3,12,14,5,9),(1343,250,12,17,12,4,2,2,5,2,3,3,2,1,9,4,5,9,4,5),(1344,278,12,15,12,4,3,1,3,1,2,5,2,3,12,8,4,18,8,10),(1345,82,12,16,12,4,2,2,4,1,3,4,3,1,11,4,7,10,4,6),(1346,95,12,14,12,2,0,2,8,5,3,2,1,1,8,4,4,9,5,4),(1347,78,12,23,12,6,5,1,5,1,4,1,0,1,16,11,5,8,3,5),(1348,77,12,10,12,1,1,0,7,3,4,4,2,2,13,6,7,19,10,9),(1349,298,12,17,12,4,2,2,5,2,3,3,3,0,13,8,5,14,11,3),(1350,745,12,10,12,2,2,0,4,2,2,6,1,5,9,6,3,16,5,11),(1351,263,12,23,12,7,4,3,2,2,0,3,0,3,17,8,9,12,4,8),(1352,299,12,6,12,1,0,1,3,2,1,8,3,5,10,2,8,25,6,19),(1353,81,12,24,12,7,4,3,3,2,1,2,1,1,34,26,8,18,12,6),(1354,90,12,16,12,4,2,2,4,2,2,4,2,2,12,7,5,15,9,6),(1355,87,12,7,12,1,0,1,4,3,1,7,4,3,14,10,4,25,19,6),(1356,94,12,11,12,2,0,2,5,3,2,5,3,2,11,3,8,13,6,7),(1357,559,12,23,12,7,4,3,2,1,1,3,1,2,24,9,15,14,5,9),(1358,80,12,21,12,6,5,1,3,0,3,3,0,3,16,8,8,10,1,9),(1359,558,12,14,12,3,2,1,5,3,2,4,2,2,22,13,9,20,10,10),(1360,86,12,20,12,6,4,2,2,1,1,4,1,3,20,10,10,16,3,13),(1361,745,13,13,13,3,3,0,4,2,2,6,1,5,10,7,3,16,5,11),(1362,263,13,23,13,7,4,3,2,2,0,4,0,4,17,8,9,13,4,9),(1363,278,13,18,13,5,4,1,3,1,2,5,2,3,15,11,4,18,8,10),(1364,86,13,20,13,6,4,2,2,1,1,5,1,4,20,10,10,19,3,16),(1365,95,13,17,13,3,1,2,8,5,3,2,1,1,11,7,4,9,5,4),(1366,87,13,7,13,1,0,1,4,3,1,8,4,4,14,10,4,28,19,9),(1367,299,13,7,13,1,0,1,4,3,1,8,3,5,12,4,8,27,8,19),(1368,88,13,18,13,5,2,3,3,1,2,5,3,2,20,10,10,21,14,7),(1369,78,13,24,13,6,5,1,6,2,4,1,0,1,17,12,5,9,4,5),(1370,81,13,25,13,7,4,3,4,2,2,2,1,1,35,26,9,19,12,7),(1371,77,13,11,13,1,1,0,8,4,4,4,2,2,14,7,7,20,11,9),(1372,82,13,17,13,4,2,2,5,1,4,4,3,1,12,4,8,11,4,7),(1373,559,13,26,13,8,5,3,2,1,1,3,1,2,25,10,15,14,5,9),(1374,250,13,17,13,4,2,2,5,2,3,4,2,2,9,4,5,10,4,6),(1375,80,13,21,13,6,5,1,3,0,3,4,1,3,17,9,8,13,4,9),(1376,298,13,20,13,5,2,3,5,2,3,3,3,0,16,8,8,15,11,4),(1377,94,13,14,13,3,1,2,5,3,2,5,3,2,13,5,8,14,7,7),(1378,90,13,16,13,4,2,2,4,2,2,5,2,3,13,7,6,17,9,8),(1379,92,13,19,13,5,1,4,4,3,1,4,2,2,17,5,12,15,6,9),(1380,558,13,14,13,3,2,1,5,3,2,5,2,3,23,13,10,22,10,12),(1381,87,14,10,14,2,1,1,4,3,1,8,4,4,15,11,4,28,19,9),(1382,278,14,18,14,5,4,1,3,1,2,6,2,4,15,11,4,19,8,11),(1383,558,14,17,14,4,3,1,5,3,2,5,2,3,25,15,10,22,10,12),(1384,299,14,7,14,1,0,1,4,3,1,9,3,6,12,4,8,29,8,21),(1385,250,14,17,14,4,2,2,5,2,3,5,3,2,11,6,5,14,8,6),(1386,745,14,16,14,4,3,1,4,2,2,6,1,5,14,7,7,18,5,13),(1387,82,14,20,14,5,3,2,5,1,4,4,3,1,15,7,8,11,4,7),(1388,80,14,21,14,6,5,1,3,0,3,5,1,4,17,9,8,16,4,12),(1389,86,14,23,14,7,5,2,2,1,1,5,1,4,22,12,10,19,3,16),(1390,95,14,17,14,3,1,2,8,5,3,3,1,2,11,7,4,11,5,6),(1391,90,14,19,14,5,3,2,4,2,2,5,2,3,14,8,6,17,9,8),(1392,92,14,19,14,5,1,4,4,3,1,5,2,3,17,5,12,16,6,10),(1393,298,14,21,14,5,2,3,6,3,3,3,3,0,17,9,8,16,12,4),(1394,78,14,25,14,6,5,1,7,2,5,1,0,1,18,12,6,10,4,6),(1395,81,14,28,14,8,5,3,4,2,2,2,1,1,37,28,9,19,12,7),(1396,94,14,14,14,3,1,2,5,3,2,6,3,3,13,5,8,16,7,9),(1397,263,14,24,14,7,4,3,3,3,0,4,0,4,18,9,9,14,5,9),(1398,559,14,27,14,8,5,3,3,1,2,3,1,2,26,10,16,15,5,10),(1399,88,14,21,14,6,3,3,3,1,2,5,3,2,23,13,10,21,14,7),(1400,77,14,11,14,1,1,0,8,4,4,5,2,3,14,7,7,23,11,12),(1401,745,15,17,15,4,3,1,5,3,2,6,1,5,15,8,7,19,6,13),(1402,82,15,21,15,5,3,2,6,1,5,4,3,1,16,7,9,12,4,8),(1403,78,15,28,15,7,6,1,7,2,5,1,0,1,21,15,6,10,4,6),(1404,263,15,24,15,7,4,3,3,3,0,5,0,5,18,9,9,17,5,12),(1405,95,15,18,15,3,1,2,9,6,3,3,1,2,12,8,4,12,6,6),(1406,559,15,28,15,8,5,3,4,1,3,3,1,2,27,10,17,16,5,11),(1407,94,15,14,15,3,1,2,5,3,2,7,4,3,15,7,8,19,10,9),(1408,558,15,20,15,5,3,2,5,3,2,5,2,3,28,15,13,24,10,14),(1409,80,15,21,15,6,5,1,3,0,3,6,2,4,17,9,8,20,8,12),(1410,81,15,31,15,9,5,4,4,2,2,2,1,1,41,28,13,19,12,7),(1411,278,15,19,15,5,4,1,4,2,2,6,2,4,19,15,4,23,12,11),(1412,88,15,22,15,6,3,3,4,1,3,5,3,2,27,13,14,25,14,11),(1413,299,15,7,15,1,0,1,4,3,1,10,4,6,12,4,8,30,9,21),(1414,86,15,26,15,8,5,3,2,1,1,5,1,4,23,12,11,19,3,16),(1415,92,15,19,15,5,1,4,4,3,1,6,3,3,18,6,12,18,8,10),(1416,250,15,20,15,5,2,3,5,2,3,5,3,2,13,6,7,15,8,7),(1417,90,15,22,15,6,4,2,4,2,2,5,2,3,16,10,6,17,9,8),(1418,87,15,10,15,2,1,1,4,3,1,9,4,5,15,11,4,30,19,11),(1419,77,15,14,15,2,2,0,8,4,4,5,2,3,15,8,7,23,11,12),(1420,298,15,21,15,5,2,3,6,3,3,4,3,1,17,9,8,17,12,5),(1421,558,16,21,16,5,3,2,6,4,2,5,2,3,28,15,13,24,10,14),(1422,745,16,18,16,4,3,1,6,3,3,6,1,5,15,8,7,19,6,13),(1423,82,16,24,16,6,4,2,6,1,5,4,3,1,17,8,9,12,4,8),(1424,92,16,19,16,5,1,4,4,3,1,7,3,4,18,6,12,19,8,11),(1425,250,16,20,16,5,2,3,5,2,3,6,4,2,15,8,7,18,11,7),(1426,78,16,31,16,8,6,2,7,2,5,1,0,1,24,15,9,12,4,8),(1427,86,16,29,16,9,6,3,2,1,1,5,1,4,24,13,11,19,3,16),(1428,87,16,10,16,2,1,1,4,3,1,10,4,6,15,11,4,31,19,12),(1429,278,16,20,16,5,4,1,5,3,2,6,2,4,20,16,4,24,13,11),(1430,95,16,19,16,3,1,2,10,6,4,3,1,2,13,8,5,13,6,7),(1431,559,16,31,16,9,6,3,4,1,3,3,1,2,29,12,17,16,5,11),(1432,298,16,21,16,5,2,3,6,3,3,5,3,2,17,9,8,19,12,7),(1433,80,16,21,16,6,5,1,3,0,3,7,3,4,18,10,8,23,11,12),(1434,90,16,25,16,7,4,3,4,2,2,5,2,3,19,10,9,18,9,9),(1435,299,16,8,16,1,0,1,5,4,1,10,4,6,14,6,8,32,11,21),(1436,94,16,15,16,3,1,2,6,3,3,7,4,3,17,7,10,21,10,11),(1437,88,16,22,16,6,3,3,4,1,3,6,4,2,27,13,14,30,19,11),(1438,81,16,34,16,10,5,5,4,2,2,2,1,1,46,28,18,19,12,7),(1439,263,16,25,16,7,4,3,4,4,0,5,0,5,18,9,9,17,5,12),(1440,77,16,15,16,2,2,0,9,4,5,5,2,3,15,8,7,23,11,12),(1441,298,17,22,17,5,2,3,7,4,3,5,3,2,18,10,8,20,13,7),(1442,82,17,25,17,6,4,2,7,1,6,4,3,1,18,8,10,13,4,9),(1443,92,17,19,17,5,1,4,4,3,1,8,4,4,18,6,12,20,9,11),(1444,263,17,28,17,8,4,4,4,4,0,5,0,5,19,9,10,17,5,12),(1445,90,17,26,17,7,4,3,5,3,2,5,2,3,20,11,9,19,10,9),(1446,278,17,21,17,5,4,1,6,3,3,6,2,4,21,16,5,25,13,12),(1447,78,17,34,17,9,7,2,7,2,5,1,0,1,25,16,9,12,4,8),(1448,80,17,21,17,6,5,1,3,0,3,8,3,5,18,10,8,24,11,13),(1449,81,17,37,17,11,6,5,4,2,2,2,1,1,48,30,18,19,12,7),(1450,558,17,21,17,5,3,2,6,4,2,6,2,4,28,15,13,26,10,16),(1451,77,17,16,17,2,2,0,10,5,5,5,2,3,16,9,7,24,12,12),(1452,250,17,21,17,5,2,3,6,2,4,6,4,2,16,8,8,19,11,8),(1453,95,17,22,17,4,2,2,10,6,4,3,1,2,15,10,5,14,7,7),(1454,299,17,8,17,1,0,1,5,4,1,11,4,7,15,6,9,34,11,23),(1455,745,17,19,17,4,3,1,7,4,3,6,1,5,16,9,7,20,7,13),(1456,559,17,32,17,9,6,3,5,1,4,3,1,2,30,12,18,17,5,12),(1457,87,17,13,17,3,2,1,4,3,1,10,4,6,17,13,4,32,20,12),(1458,88,17,22,17,6,3,3,4,1,3,7,4,3,28,13,15,32,19,13),(1459,94,17,16,17,3,1,2,7,4,3,7,4,3,19,9,10,23,12,11),(1460,86,17,30,17,9,6,3,3,1,2,5,1,4,26,13,13,21,3,18),(1461,88,18,23,18,6,3,3,5,2,3,7,4,3,30,15,15,34,21,13),(1462,298,18,23,18,5,2,3,8,4,4,5,3,2,20,10,10,22,13,9),(1463,80,18,24,18,7,6,1,3,0,3,8,3,5,19,11,8,24,11,13),(1464,745,18,19,18,4,3,1,7,4,3,7,1,6,16,9,7,21,7,14),(1465,250,18,21,18,5,2,3,6,2,4,7,5,2,16,8,8,20,12,8),(1466,87,18,16,18,4,2,2,4,3,1,10,4,6,18,13,5,32,20,12),(1467,263,18,31,18,9,5,4,4,4,0,5,0,5,21,11,10,18,6,12),(1468,95,18,22,18,4,2,2,10,6,4,4,1,3,16,10,6,16,7,9),(1469,299,18,11,18,2,1,1,5,4,1,11,4,7,17,8,9,35,12,23),(1470,90,18,26,18,7,4,3,5,3,2,6,2,4,21,11,10,21,10,11),(1471,278,18,22,18,5,4,1,7,4,3,6,2,4,21,16,5,25,13,12),(1472,94,18,17,18,3,1,2,8,4,4,7,4,3,19,9,10,23,12,11),(1473,559,18,33,18,9,6,3,6,2,4,3,1,2,31,13,18,18,6,12),(1474,78,18,35,18,9,7,2,8,2,6,1,0,1,26,16,10,13,4,9),(1475,86,18,30,18,9,6,3,3,1,2,6,2,4,26,13,13,23,5,18),(1476,92,18,22,18,6,1,5,4,3,1,8,4,4,20,6,14,20,9,11),(1477,82,18,25,18,6,4,2,7,1,6,5,4,1,19,9,10,15,6,9),(1478,81,18,40,18,12,6,6,4,2,2,2,1,1,50,30,20,20,12,8),(1479,558,18,21,18,5,3,2,6,4,2,7,3,4,29,16,13,28,12,16),(1480,77,18,19,18,3,2,1,10,5,5,5,2,3,18,9,9,25,12,13),(1481,87,19,19,19,5,3,2,4,3,1,10,4,6,22,17,5,34,22,12),(1482,558,19,21,19,5,3,2,6,4,2,8,3,5,31,16,15,32,12,20),(1483,745,19,22,19,5,4,1,7,4,3,7,1,6,17,10,7,21,7,14),(1484,299,19,11,19,2,1,1,5,4,1,12,4,8,17,8,9,36,12,24),(1485,95,19,23,19,4,2,2,11,7,4,4,1,3,17,11,6,17,8,9),(1486,250,19,22,19,5,2,3,7,2,5,7,5,2,17,8,9,21,12,9),(1487,298,19,24,19,5,2,3,9,5,4,5,3,2,21,11,10,23,14,9),(1488,263,19,32,19,9,5,4,5,4,1,5,0,5,22,11,11,19,6,13),(1489,94,19,17,19,3,1,2,8,4,4,8,5,3,20,10,10,25,14,11),(1490,82,19,28,19,7,4,3,7,1,6,5,4,1,21,9,12,16,6,10),(1491,78,19,38,19,10,8,2,8,2,6,1,0,1,27,17,10,13,4,9),(1492,88,19,23,19,6,3,3,5,2,3,8,4,4,30,15,15,35,21,14),(1493,77,19,22,19,4,3,1,10,5,5,5,2,3,20,11,9,25,12,13),(1494,559,19,33,19,9,6,3,6,2,4,4,1,3,31,13,18,20,6,14),(1495,81,19,43,19,13,7,6,4,2,2,2,1,1,53,33,20,20,12,8),(1496,278,19,22,19,5,4,1,7,4,3,7,2,5,21,16,5,28,13,15),(1497,90,19,26,19,7,4,3,5,3,2,7,3,4,22,12,10,23,12,11),(1498,86,19,33,19,10,6,4,3,1,2,6,2,4,28,13,15,24,5,19),(1499,92,19,25,19,7,2,5,4,3,1,8,4,4,23,9,14,22,11,11),(1500,80,19,24,19,7,6,1,3,0,3,9,3,6,21,11,10,27,11,16),(1501,82,20,31,20,8,5,3,7,1,6,5,4,1,25,13,12,16,6,10),(1502,263,20,32,20,9,5,4,5,4,1,6,0,6,22,11,11,23,6,17),(1503,86,20,36,20,11,7,4,3,1,2,6,2,4,30,15,15,24,5,19),(1504,559,20,33,20,9,6,3,6,2,4,5,1,4,31,13,18,22,6,16),(1505,299,20,11,20,2,1,1,5,4,1,13,5,8,17,8,9,39,15,24),(1506,78,20,41,20,11,8,3,8,2,6,1,0,1,30,17,13,13,4,9),(1507,558,20,21,20,5,3,2,6,4,2,9,4,5,32,17,15,34,14,20),(1508,95,20,26,20,5,2,3,11,7,4,4,1,3,19,11,8,18,8,10),(1509,90,20,29,20,8,5,3,5,3,2,7,3,4,25,15,10,25,14,11),(1510,298,20,24,20,5,2,3,9,5,4,6,3,3,23,11,12,26,14,12),(1511,94,20,18,20,3,1,2,9,5,4,8,5,3,21,11,10,26,15,11),(1512,77,20,23,20,4,3,1,11,5,6,5,2,3,21,11,10,26,12,14),(1513,88,20,26,20,7,4,3,5,2,3,8,4,4,32,17,15,35,21,14),(1514,250,20,22,20,5,2,3,7,2,5,8,5,3,17,8,9,23,12,11),(1515,87,20,20,20,5,3,2,5,4,1,10,4,6,24,19,5,36,24,12),(1516,92,20,26,20,7,2,5,5,3,2,8,4,4,25,9,16,24,11,13),(1517,81,20,46,20,14,8,6,4,2,2,2,1,1,56,36,20,21,13,8),(1518,745,20,22,20,5,4,1,7,4,3,8,1,7,18,10,8,24,7,17),(1519,278,20,25,20,6,5,1,7,4,3,7,2,5,24,19,5,28,13,15),(1520,80,20,24,20,7,6,1,3,0,3,10,3,7,21,11,10,30,11,19),(1521,559,21,36,21,10,7,3,6,2,4,5,1,4,36,18,18,22,6,16),(1522,88,21,26,21,7,4,3,5,2,3,9,4,5,32,17,15,40,21,19),(1523,78,21,44,21,12,9,3,8,2,6,1,0,1,32,19,13,13,4,9),(1524,82,21,31,21,8,5,3,7,1,6,6,4,2,25,13,12,18,6,12),(1525,745,21,23,21,5,4,1,8,5,3,8,1,7,20,12,8,26,9,17),(1526,278,21,26,21,6,5,1,8,4,4,7,2,5,26,19,7,30,13,17),(1527,95,21,29,21,6,3,3,11,7,4,4,1,3,22,14,8,18,8,10),(1528,94,21,18,21,3,1,2,9,5,4,9,5,4,21,11,10,29,15,14),(1529,250,21,25,21,6,3,3,7,2,5,8,5,3,19,10,9,24,13,11),(1530,558,21,21,21,5,3,2,6,4,2,10,4,6,33,17,16,36,14,22),(1531,298,21,24,21,5,2,3,9,5,4,7,4,3,23,11,12,28,16,12),(1532,81,21,49,21,15,8,7,4,2,2,2,1,1,58,36,22,21,13,8),(1533,77,21,26,21,5,4,1,11,5,6,5,2,3,22,12,10,26,12,14),(1534,90,21,29,21,8,5,3,5,3,2,8,3,5,25,15,10,26,14,12),(1535,92,21,27,21,7,2,5,6,4,2,8,4,4,25,9,16,24,11,13),(1536,299,21,12,21,2,1,1,6,4,2,13,5,8,17,8,9,39,15,24),(1537,80,21,24,21,7,6,1,3,0,3,11,4,7,23,13,10,34,15,19),(1538,86,21,39,21,12,7,5,3,1,2,6,2,4,34,15,19,26,5,21),(1539,263,21,32,21,9,5,4,5,4,1,7,1,6,22,11,11,24,7,17),(1540,87,21,23,21,6,3,3,5,4,1,10,4,6,25,19,6,36,24,12),(1541,299,22,15,22,3,2,1,6,4,2,13,5,8,21,12,9,39,15,24),(1542,250,22,25,22,6,3,3,7,2,5,9,5,4,19,10,9,28,13,15),(1543,88,22,27,22,7,4,3,6,3,3,9,4,5,32,17,15,40,21,19),(1544,82,22,32,22,8,5,3,8,1,7,6,4,2,25,13,12,18,6,12),(1545,92,22,30,22,8,3,5,6,4,2,8,4,4,27,11,16,25,12,13),(1546,77,22,26,22,5,4,1,11,5,6,6,2,4,23,12,11,28,12,16),(1547,81,22,50,22,15,8,7,5,3,2,2,1,1,60,38,22,23,15,8),(1548,95,22,30,22,6,3,3,12,7,5,4,1,3,24,14,10,20,8,12),(1549,558,22,24,22,6,4,2,6,4,2,10,4,6,34,18,16,36,14,22),(1550,559,22,36,22,10,7,3,6,2,4,6,1,5,36,18,18,23,6,17),(1551,94,22,19,22,3,1,2,10,6,4,9,5,4,23,13,10,31,17,14),(1552,80,22,25,22,7,6,1,4,0,4,11,4,7,25,13,12,36,15,21),(1553,90,22,32,22,9,6,3,5,3,2,8,3,5,26,16,10,26,14,12),(1554,78,22,44,22,12,9,3,8,2,6,2,0,2,32,19,13,14,4,10),(1555,278,22,29,22,7,6,1,8,4,4,7,2,5,29,22,7,30,13,17),(1556,298,22,24,22,5,2,3,9,5,4,8,4,4,23,11,12,31,16,15),(1557,86,22,42,22,13,8,5,3,1,2,6,2,4,37,18,19,26,5,21),(1558,263,22,32,22,9,5,4,5,4,1,8,1,7,22,11,11,27,7,20),(1559,87,22,23,22,6,3,3,5,4,1,11,5,6,26,20,6,38,26,12),(1560,745,22,26,22,6,4,2,8,5,3,8,1,7,22,12,10,27,9,18),(1561,250,23,26,23,6,3,3,8,3,5,9,5,4,19,10,9,28,13,15),(1562,94,23,20,23,3,1,2,11,6,5,9,5,4,23,13,10,31,17,14),(1563,82,23,35,23,9,6,3,8,1,7,6,4,2,28,16,12,19,7,12),(1564,558,23,24,23,6,4,2,6,4,2,11,4,7,35,18,17,39,14,25),(1565,78,23,44,23,12,9,3,8,2,6,3,1,2,33,20,13,17,7,10),(1566,86,23,45,23,14,8,6,3,1,2,6,2,4,40,18,22,27,5,22),(1567,80,23,28,23,8,7,1,4,0,4,11,4,7,27,15,12,37,16,21),(1568,87,23,23,23,6,3,3,5,4,1,12,5,7,27,20,7,40,26,14),(1569,298,23,24,23,5,2,3,9,5,4,9,5,4,23,11,12,33,18,15),(1570,299,23,18,23,4,2,2,6,4,2,13,5,8,23,12,11,39,15,24),(1571,745,23,29,23,7,5,2,8,5,3,8,1,7,25,15,10,27,9,18),(1572,90,23,32,23,9,6,3,5,3,2,9,3,6,26,16,10,29,14,15),(1573,95,23,31,23,6,3,3,13,8,5,4,1,3,24,14,10,20,8,12),(1574,92,23,31,23,8,3,5,7,4,3,8,4,4,27,11,16,25,12,13),(1575,559,23,37,23,10,7,3,7,3,4,6,1,5,38,20,18,25,8,17),(1576,278,23,30,23,7,6,1,9,4,5,7,2,5,31,22,9,32,13,19),(1577,77,23,27,23,5,4,1,12,6,6,6,2,4,23,12,11,28,12,16),(1578,81,23,51,23,15,8,7,6,3,3,2,1,1,60,38,22,23,15,8),(1579,263,23,35,23,10,6,4,5,4,1,8,1,7,24,13,11,27,7,20),(1580,88,23,27,23,7,4,3,6,3,3,10,4,6,32,17,15,42,21,21),(1581,278,24,31,24,7,6,1,10,5,5,7,2,5,33,24,9,34,15,19),(1582,82,24,36,24,9,6,3,9,1,8,6,4,2,30,16,14,21,7,14),(1583,558,24,24,24,6,4,2,6,4,2,12,5,7,36,19,17,43,18,25),(1584,88,24,30,24,8,4,4,6,3,3,10,4,6,36,17,19,43,21,22),(1585,87,24,23,24,6,3,3,5,4,1,13,6,7,27,20,7,41,27,14),(1586,78,24,47,24,13,9,4,8,2,6,3,1,2,34,20,14,17,7,10),(1587,92,24,34,24,9,4,5,7,4,3,8,4,4,30,14,16,25,12,13),(1588,745,24,29,24,7,5,2,8,5,3,9,1,8,25,15,10,30,9,21),(1589,81,24,54,24,16,9,7,6,3,3,2,1,1,61,39,22,23,15,8),(1590,250,24,26,24,6,3,3,8,3,5,10,5,5,19,10,9,29,13,16),(1591,86,24,45,24,14,8,6,3,1,2,7,3,4,41,19,22,29,7,22),(1592,298,24,27,24,6,2,4,9,5,4,9,5,4,25,11,14,34,18,16),(1593,95,24,32,24,6,3,3,14,9,5,4,1,3,24,14,10,20,8,12),(1594,80,24,29,24,8,7,1,5,0,5,11,4,7,27,15,12,37,16,21),(1595,94,24,23,24,4,2,2,11,6,5,9,5,4,26,16,10,31,17,14),(1596,559,24,37,24,10,7,3,7,3,4,7,1,6,38,20,18,28,8,20),(1597,90,24,33,24,9,6,3,6,4,2,9,3,6,27,17,10,30,15,15),(1598,263,24,36,24,10,6,4,6,4,2,8,1,7,25,13,12,28,7,21),(1599,299,24,18,24,4,2,2,6,4,2,14,6,8,23,12,11,40,16,24),(1600,77,24,30,24,6,4,2,12,6,6,6,2,4,24,12,12,28,12,16),(1601,80,25,30,25,8,7,1,6,1,5,11,4,7,28,16,12,38,17,21),(1602,299,25,19,25,4,2,2,7,4,3,14,6,8,24,12,12,41,16,25),(1603,82,25,39,25,10,7,3,9,1,8,6,4,2,32,18,14,22,8,14),(1604,87,25,23,25,6,3,3,5,4,1,14,6,8,28,20,8,43,27,16),(1605,559,25,37,25,10,7,3,7,3,4,8,2,6,40,22,18,32,12,20),(1606,81,25,57,25,17,9,8,6,3,3,2,1,1,65,39,26,25,15,10),(1607,263,25,37,25,10,6,4,7,5,2,8,1,7,25,13,12,28,7,21),(1608,558,25,25,25,6,4,2,7,4,3,12,5,7,36,19,17,43,18,25),(1609,77,25,33,25,7,5,2,12,6,6,6,2,4,25,13,12,28,12,16),(1610,278,25,31,25,7,6,1,10,5,5,8,2,6,33,24,9,35,15,20),(1611,745,25,30,25,7,5,2,9,6,3,9,1,8,26,16,10,31,10,21),(1612,95,25,33,25,6,3,3,15,9,6,4,1,3,25,14,11,21,8,13),(1613,78,25,50,25,14,10,4,8,2,6,3,1,2,36,22,14,17,7,10),(1614,94,25,23,25,4,2,2,11,6,5,10,5,5,26,16,10,33,17,16),(1615,250,25,26,25,6,3,3,8,3,5,11,6,5,19,10,9,31,15,16),(1616,90,25,36,25,10,6,4,6,4,2,9,3,6,29,17,12,30,15,15),(1617,88,25,30,25,8,4,4,6,3,3,11,5,6,37,18,19,45,23,22),(1618,86,25,48,25,15,8,7,3,1,2,7,3,4,43,19,24,30,7,23),(1619,298,25,28,25,6,2,4,10,6,4,9,5,4,25,11,14,34,18,16),(1620,92,25,35,25,9,4,5,8,4,4,8,4,4,30,14,16,25,12,13),(1621,87,26,23,26,6,3,3,5,4,1,15,7,8,28,20,8,45,29,16),(1622,298,26,31,26,7,2,5,10,6,4,9,5,4,27,11,16,34,18,16),(1623,80,26,33,26,9,8,1,6,1,5,11,4,7,31,19,12,39,18,21),(1624,250,26,26,26,6,3,3,8,3,5,12,6,6,20,10,10,34,15,19),(1625,94,26,23,26,4,2,2,11,6,5,11,6,5,27,17,10,35,19,16),(1626,263,26,40,26,11,6,5,7,5,2,8,1,7,27,13,14,29,7,22),(1627,299,26,22,26,5,3,2,7,4,3,14,6,8,26,14,12,42,17,25),(1628,559,26,37,26,10,7,3,7,3,4,9,2,7,41,22,19,34,12,22),(1629,86,26,48,26,15,8,7,3,1,2,8,4,4,43,19,24,31,8,23),(1630,81,26,60,26,18,9,9,6,3,3,2,1,1,66,39,27,25,15,10),(1631,278,26,34,26,8,7,1,10,5,5,8,2,6,34,25,9,35,15,20),(1632,558,26,25,26,6,4,2,7,4,3,13,5,8,36,19,17,44,18,26),(1633,90,26,36,26,10,6,4,6,4,2,10,4,6,30,18,12,32,17,15),(1634,82,26,42,26,11,7,4,9,1,8,6,4,2,34,18,16,23,8,15),(1635,92,26,35,26,9,4,5,8,4,4,9,5,4,30,14,16,27,14,13),(1636,78,26,53,26,15,10,5,8,2,6,3,1,2,38,22,16,17,7,10),(1637,95,26,36,26,7,4,3,15,9,6,4,1,3,27,16,11,21,8,13),(1638,77,26,33,26,7,5,2,12,6,6,7,2,5,25,13,12,30,12,18),(1639,745,26,33,26,8,6,2,9,6,3,9,1,8,27,17,10,31,10,21),(1640,88,26,30,26,8,4,4,6,3,3,12,5,7,37,18,19,46,23,23),(1641,77,27,34,27,7,5,2,13,7,6,7,2,5,26,14,12,31,13,18),(1642,80,27,34,27,9,8,1,7,1,6,11,4,7,32,19,13,40,18,22),(1643,263,27,41,27,11,6,5,8,6,2,8,1,7,28,14,14,30,8,22),(1644,278,27,35,27,8,7,1,11,5,6,8,2,6,35,25,10,36,15,21),(1645,78,27,56,27,16,11,5,8,2,6,3,1,2,39,23,16,17,7,10),(1646,745,27,33,27,8,6,2,9,6,3,10,1,9,27,17,10,32,10,22),(1647,81,27,63,27,19,10,9,6,3,3,2,1,1,69,42,27,26,16,10),(1648,87,27,23,27,6,3,3,5,4,1,16,7,9,29,20,9,48,29,19),(1649,82,27,45,27,12,8,4,9,1,8,6,4,2,36,20,16,24,9,15),(1650,299,27,22,27,5,3,2,7,4,3,15,6,9,27,14,13,44,17,27),(1651,558,27,25,27,6,4,2,7,4,3,14,6,8,36,19,17,45,19,26),(1652,90,27,39,27,11,6,5,6,4,2,10,4,6,31,18,13,32,17,15),(1653,298,27,31,27,7,2,5,10,6,4,10,6,4,29,13,16,37,21,16),(1654,95,27,39,27,8,4,4,15,9,6,4,1,3,30,16,14,23,8,15),(1655,88,27,30,27,8,4,4,6,3,3,13,6,7,37,18,19,48,25,23),(1656,94,27,26,27,5,2,3,11,6,5,11,6,5,29,17,12,35,19,16),(1657,559,27,40,27,11,8,3,7,3,4,9,2,7,46,27,19,36,14,22),(1658,92,27,35,27,9,4,5,8,4,4,10,5,5,32,14,18,32,14,18),(1659,250,27,26,27,6,3,3,8,3,5,13,7,6,21,11,10,38,19,19),(1660,86,27,51,27,16,8,8,3,1,2,8,4,4,47,19,28,32,8,24);
/*!40000 ALTER TABLE `estadistica` ENABLE KEYS */;
UNLOCK TABLES;

--
-- Table structure for table `gol`
--

DROP TABLE IF EXISTS `gol`;
/*!40101 SET @saved_cs_client     = @@character_set_client */;
/*!40101 SET character_set_client = utf8 */;
CREATE TABLE `gol` (
  `id` int(11) NOT NULL AUTO_INCREMENT,
  `id_jugador` int(11) DEFAULT NULL,
  `id_partido` int(11) DEFAULT NULL,
  `minuto` int(11) NOT NULL,
  `penalti` tinyint(1) NOT NULL,
  `propia_meta` tinyint(1) NOT NULL,
  PRIMARY KEY (`id`),
  KEY `IDX_14B85EAC8CE0C668` (`id_jugador`),
  KEY `IDX_14B85EAC90E4DC7B` (`id_partido`),
  CONSTRAINT `FK_14B85EAC8CE0C668` FOREIGN KEY (`id_jugador`) REFERENCES `jugador` (`id`),
  CONSTRAINT `FK_14B85EAC90E4DC7B` FOREIGN KEY (`id_partido`) REFERENCES `partido` (`id`)
) ENGINE=InnoDB AUTO_INCREMENT=2096 DEFAULT CHARSET=utf8mb4 COLLATE=utf8mb4_unicode_ci;
/*!40101 SET character_set_client = @saved_cs_client */;

--
-- Dumping data for table `gol`
--

LOCK TABLES `gol` WRITE;
/*!40000 ALTER TABLE `gol` DISABLE KEYS */;
INSERT INTO `gol` VALUES (1409,251,1163,54,0,0),(1410,251,1163,95,0,0),(1411,252,1163,38,0,0),(1412,84,1164,52,0,1),(1413,79,1164,45,0,0),(1414,326,1165,16,0,0),(1415,296,1165,40,0,0),(1416,290,1165,71,0,0),(1417,107,1166,64,0,0),(1418,107,1166,92,0,0),(1419,108,1166,83,0,0),(1420,471,1167,69,0,0),(1421,529,1167,5,0,0),(1422,529,1167,40,0,0),(1423,207,1168,85,1,0),(1424,597,1168,15,0,0),(1425,604,1168,31,0,0),(1426,604,1168,46,0,0),(1427,604,1168,79,0,0),(1428,178,1169,20,0,0),(1429,183,1169,51,0,0),(1430,356,1170,56,0,0),(1431,44,1170,26,0,0),(1432,21,1171,27,0,0),(1433,24,1171,93,0,0),(1434,630,1171,33,0,0),(1435,132,1172,18,0,0),(1436,141,1172,90,0,0),(1437,626,1173,54,0,0),(1438,626,1173,88,0,0),(1439,289,1173,17,0,0),(1440,291,1173,11,0,0),(1441,38,1175,63,0,0),(1442,110,1176,57,0,0),(1443,86,1177,62,0,0),(1444,73,1177,68,0,0),(1445,506,1179,16,0,0),(1446,177,1179,39,1,0),(1447,183,1179,59,0,0),(1448,167,1179,52,1,0),(1449,167,1179,80,0,0),(1450,251,1180,78,1,0),(1451,563,1180,10,0,0),(1452,560,1180,35,0,0),(1453,1,1181,63,0,0),(1454,17,1181,47,0,0),(1455,556,1181,71,0,0),(1456,532,1181,87,0,0),(1457,459,1184,26,0,0),(1458,483,1184,91,0,0),(1459,296,1184,15,1,0),(1460,487,1183,54,0,0),(1461,561,1185,52,0,0),(1462,560,1185,46,0,0),(1463,177,1186,66,1,0),(1464,183,1186,17,0,0),(1465,167,1186,48,0,0),(1466,167,1186,61,0,0),(1467,634,1186,24,1,0),(1468,252,1187,13,0,0),(1469,252,1187,33,0,0),(1470,360,1187,16,0,0),(1471,355,1187,52,1,0),(1472,443,1188,57,0,0),(1473,427,1188,59,0,0),(1474,88,1188,42,1,0),(1475,106,1189,81,0,0),(1476,111,1189,52,0,0),(1477,110,1189,48,0,0),(1478,103,1189,39,0,0),(1479,103,1189,93,1,0),(1480,107,1189,16,0,0),(1481,107,1189,61,0,0),(1482,531,1189,24,0,1),(1483,529,1189,42,0,0),(1484,528,1189,3,0,0),(1485,267,1190,80,0,0),(1486,222,1251,23,0,0),(1487,24,1251,66,0,0),(1488,194,1191,29,0,0),(1489,68,1192,94,0,0),(1490,481,1192,87,0,0),(1491,299,1193,12,0,0),(1492,110,1193,66,0,0),(1493,103,1193,63,0,0),(1494,24,1195,32,0,0),(1495,171,1195,63,0,0),(1496,323,1196,65,0,0),(1497,89,1197,52,0,0),(1498,429,1198,93,0,0),(1499,132,1199,3,0,0),(1500,132,1199,38,0,0),(1501,497,1200,37,0,0),(1502,487,1200,22,0,0),(1503,487,1200,56,0,0),(1504,561,1200,34,0,0),(1505,564,1200,87,0,0),(1506,306,1201,64,0,0),(1507,218,1202,30,0,0),(1508,452,1202,8,0,0),(1509,429,1202,34,0,0),(1510,429,1202,77,0,0),(1511,439,1202,56,0,0),(1512,433,1202,95,0,0),(1513,561,1203,5,0,0),(1514,561,1203,54,0,0),(1515,560,1203,9,0,0),(1516,409,1203,39,0,0),(1517,418,1203,65,0,0),(1518,417,1203,94,0,0),(1519,482,1204,52,0,0),(1520,130,1205,14,0,1),(1521,51,1205,60,0,0),(1522,170,1206,41,0,0),(1523,252,1207,12,0,0),(1524,603,1207,21,0,0),(1525,593,1207,90,0,1),(1526,600,1207,59,0,0),(1527,604,1207,49,0,0),(1528,599,1207,11,0,0),(1529,599,1207,35,0,0),(1530,599,1207,45,0,0),(1531,281,1209,51,0,0),(1532,269,1209,68,0,0),(1533,18,1209,18,0,0),(1534,26,1209,7,0,0),(1535,105,1210,63,0,0),(1536,107,1210,19,0,0),(1537,487,1210,45,0,0),(1538,487,1210,51,0,0),(1539,79,1211,68,0,0),(1540,300,1212,5,0,0),(1541,296,1212,78,0,0),(1542,193,1212,31,0,0),(1543,211,1212,36,1,0),(1544,36,1213,33,0,0),(1545,34,1213,29,0,0),(1546,38,1213,16,0,0),(1547,322,1214,80,0,0),(1548,339,1214,65,0,0),(1549,325,1214,89,0,0),(1550,626,1215,52,0,0),(1551,632,1215,53,0,0),(1552,108,1215,12,0,0),(1553,359,1216,25,0,0),(1554,561,1216,82,0,0),(1555,604,1217,17,0,0),(1556,604,1217,21,0,0),(1557,599,1217,39,0,0),(1558,439,1219,93,0,0),(1559,137,1219,80,0,0),(1560,391,1218,56,0,0),(1561,418,1218,50,0,0),(1562,241,1218,47,0,0),(1563,283,1220,64,0,0),(1564,195,1221,47,1,0),(1565,218,1221,6,0,0),(1566,86,1221,46,0,0),(1567,73,1221,19,0,0),(1568,353,1222,36,0,0),(1569,126,1223,84,0,0),(1570,15,1223,41,0,0),(1571,476,1224,99,0,0),(1572,596,1224,59,1,0),(1573,596,1224,94,0,0),(1574,604,1224,47,0,0),(1575,527,1226,72,1,0),(1576,487,1226,37,1,0),(1577,417,1227,53,0,0),(1578,240,1228,36,0,0),(1579,253,1228,19,0,0),(1580,427,1228,5,0,0),(1581,283,1229,89,0,0),(1582,560,1230,33,0,0),(1583,149,1230,78,0,0),(1584,24,1231,32,0,0),(1585,316,1231,47,0,0),(1586,298,1231,30,1,0),(1587,298,1231,74,1,0),(1588,487,1232,40,0,0),(1589,487,1232,42,0,0),(1590,468,1232,50,0,0),(1591,483,1232,12,1,0),(1592,481,1232,72,0,0),(1593,248,1233,60,0,0),(1594,431,1234,95,0,0),(1595,634,1235,14,0,0),(1596,412,1236,28,0,0),(1597,44,1237,74,0,0),(1598,92,1239,7,0,0),(1599,87,1239,79,0,0),(1600,82,1239,92,0,0),(1601,325,1239,45,0,0),(1602,600,1238,39,0,0),(1603,599,1238,61,0,0),(1604,564,1238,85,0,0),(1605,368,1240,2,0,0),(1606,107,1240,23,0,0),(1607,434,1241,58,0,0),(1608,166,1242,72,0,0),(1609,251,1242,6,0,0),(1610,252,1242,13,1,0),(1611,373,1243,85,0,0),(1612,650,1243,63,1,0),(1613,332,1244,65,0,0),(1614,40,1244,51,0,0),(1615,99,1245,79,0,1),(1616,108,1245,2,0,0),(1617,111,1245,88,0,0),(1618,103,1245,63,1,0),(1619,107,1245,12,0,0),(1620,594,1245,91,0,0),(1621,201,1246,67,0,1),(1622,218,1246,74,0,0),(1623,145,1246,63,0,0),(1624,483,1247,17,1,0),(1625,26,1247,21,0,0),(1626,73,1248,41,0,0),(1627,73,1248,64,0,0),(1628,403,1249,35,0,0),(1629,383,1252,91,0,0),(1630,73,1252,20,0,0),(1631,507,1253,34,1,0),(1632,507,1253,45,0,0),(1633,192,1253,61,0,0),(1634,576,1256,56,0,0),(1635,561,1256,5,0,0),(1636,561,1256,36,0,0),(1637,561,1256,82,0,0),(1638,255,1255,90,0,0),(1639,252,1255,14,0,0),(1640,35,1257,45,0,0),(1641,40,1257,60,0,0),(1642,145,1258,62,0,0),(1643,141,1258,60,0,0),(1644,108,1259,11,0,0),(1645,103,1259,30,1,0),(1646,103,1259,75,0,0),(1647,103,1259,83,0,0),(1648,100,1259,87,0,0),(1649,166,1259,50,0,0),(1650,439,1260,51,0,0),(1651,443,1260,94,0,0),(1652,326,1260,10,0,0),(1653,600,1261,65,0,0),(1654,600,1261,78,0,0),(1655,531,1261,93,0,0),(1656,634,1262,82,0,0),(1657,38,1262,69,0,0),(1658,177,1263,88,1,0),(1659,392,1263,83,0,1),(1660,505,1264,48,0,0),(1661,222,1265,35,0,0),(1662,220,1265,57,0,0),(1663,103,1265,11,0,0),(1664,103,1265,90,0,0),(1665,110,1265,87,0,0),(1666,479,1266,91,0,0),(1667,476,1266,69,0,0),(1668,431,1266,4,0,0),(1669,322,1267,77,0,1),(1670,321,1267,93,0,0),(1671,534,1269,50,0,0),(1672,141,1269,91,0,0),(1673,280,1270,57,0,0),(1674,269,1270,87,0,0),(1675,283,1270,33,0,0),(1676,576,1270,69,0,0),(1677,560,1270,63,0,0),(1678,560,1270,84,0,0),(1679,73,1271,41,0,0),(1680,242,1272,4,0,0),(1681,302,1272,73,0,0),(1682,298,1272,83,0,0),(1683,290,1272,77,0,0),(1684,355,1274,81,1,0),(1685,35,1275,91,0,0),(1686,48,1275,80,0,0),(1687,34,1275,61,0,0),(1688,26,1275,36,0,0),(1689,26,1275,64,0,0),(1690,442,1277,41,0,0),(1691,427,1277,68,0,0),(1692,523,1277,35,0,0),(1693,107,1278,68,1,0),(1694,107,1278,92,0,0),(1695,100,1278,79,0,0),(1696,280,1278,20,0,0),(1697,267,1278,34,0,0),(1698,273,1278,71,0,0),(1699,269,1278,83,0,0),(1700,218,1280,46,0,0),(1701,220,1280,66,0,0),(1702,343,1280,33,0,0),(1703,346,1280,80,0,0),(1704,595,1279,70,0,0),(1705,599,1279,89,0,0),(1706,73,1279,38,0,0),(1707,579,1281,56,0,1),(1708,580,1281,61,0,0),(1709,576,1281,94,0,0),(1710,177,1281,83,1,0),(1711,167,1281,23,0,0),(1712,173,1281,91,0,0),(1713,642,1282,42,0,0),(1714,471,1283,16,0,0),(1715,482,1283,57,0,0),(1716,481,1283,52,0,0),(1717,376,1284,35,0,0),(1718,376,1284,61,0,0),(1719,353,1284,76,0,0),(1720,534,1285,51,0,0),(1721,555,1285,23,0,0),(1722,252,1285,46,0,0),(1723,254,1285,74,0,0),(1724,37,1286,77,0,0),(1725,110,1286,90,0,0),(1726,21,1287,67,0,0),(1727,149,1287,77,0,0),(1728,604,1288,30,0,0),(1729,73,1289,74,0,0),(1730,487,1289,4,0,0),(1731,487,1289,6,0,0),(1732,491,1289,90,0,0),(1733,343,1290,54,0,0),(1734,326,1290,52,0,0),(1735,273,1290,90,0,0),(1736,298,1291,37,0,0),(1737,291,1291,47,0,0),(1738,560,1291,82,0,0),(1739,207,1297,53,0,0),(1740,561,1298,38,0,0),(1741,561,1298,77,0,0),(1742,405,1299,50,0,0),(1743,418,1299,93,0,0),(1744,646,1299,11,0,0),(1745,632,1299,42,0,0),(1746,634,1299,66,0,0),(1747,634,1299,75,0,0),(1748,133,1295,80,0,0),(1749,149,1295,65,0,0),(1750,141,1295,55,0,0),(1751,163,1292,83,0,0),(1752,362,1292,8,0,1),(1753,280,1296,33,0,0),(1754,499,1300,82,0,1),(1755,487,1300,47,1,0),(1756,105,1293,36,0,0),(1757,119,1293,87,0,0),(1758,442,1301,37,0,0),(1759,599,1301,78,0,0),(1760,242,1294,49,0,0),(1761,243,1294,59,0,0),(1762,252,1294,69,0,0),(1763,633,1310,64,0,0),(1764,146,1310,39,0,0),(1765,48,1303,87,0,0),(1766,38,1303,82,0,0),(1767,47,1303,25,0,0),(1768,361,1302,92,0,0),(1769,600,1302,55,0,0),(1770,323,1308,83,0,0),(1771,323,1308,87,0,0),(1772,576,1308,44,0,0),(1773,569,1308,49,0,0),(1774,560,1308,51,0,0),(1775,110,1307,26,0,0),(1776,103,1307,45,0,0),(1777,107,1307,17,0,0),(1778,107,1307,65,0,0),(1779,471,1311,57,0,0),(1780,483,1311,61,1,0),(1781,483,1311,65,0,0),(1782,481,1311,8,0,0),(1783,244,1311,25,0,0),(1784,240,1311,75,0,0),(1785,251,1311,9,0,0),(1786,231,1311,91,0,0),(1787,183,1309,8,0,0),(1788,298,1305,62,0,0),(1789,403,1305,54,0,0),(1790,405,1305,16,0,0),(1791,272,1306,76,0,0),(1792,273,1306,59,1,0),(1793,25,1304,92,1,0),(1794,141,1315,3,0,0),(1795,393,1318,57,0,0),(1796,41,1318,63,0,1),(1797,38,1318,46,1,0),(1798,38,1318,80,0,0),(1799,47,1318,26,0,0),(1800,167,1312,13,0,0),(1801,483,1321,56,1,0),(1802,356,1321,29,0,0),(1803,596,1314,55,1,0),(1804,600,1314,64,0,0),(1805,72,1316,91,0,1),(1806,89,1316,24,0,0),(1807,273,1316,43,0,0),(1808,266,1316,85,0,0),(1809,528,1319,44,1,0),(1810,533,1319,94,0,0),(1811,323,1319,63,1,0),(1812,326,1319,81,0,0),(1813,105,1313,88,0,0),(1814,103,1313,35,0,0),(1815,107,1313,43,0,0),(1816,107,1313,47,0,0),(1817,107,1313,60,0,0),(1818,490,1329,85,0,0),(1819,132,1329,61,0,0),(1820,439,1326,11,0,0),(1821,263,1327,21,0,0),(1822,478,1327,72,1,0),(1823,38,1324,56,1,0),(1824,110,1322,10,0,0),(1825,107,1322,45,0,0),(1826,25,1325,45,1,0),(1827,409,1325,92,0,0),(1828,364,1323,94,0,0),(1829,355,1323,25,0,0),(1830,528,1323,72,1,0),(1831,653,1331,5,0,0),(1832,599,1331,91,0,0),(1833,218,1328,67,0,0),(1834,240,1328,23,0,1),(1835,255,1328,60,0,0),(1836,324,1330,4,0,0),(1837,324,1330,82,0,0),(1838,180,1330,20,0,0),(1839,167,1330,7,0,0),(1840,251,1333,58,0,0),(1841,247,1333,86,0,0),(1842,508,1333,72,0,0),(1843,507,1333,31,0,0),(1844,73,1336,9,0,0),(1845,224,1338,1,0,0),(1846,434,1340,47,0,0),(1847,443,1340,21,0,0),(1848,355,1340,14,0,0),(1849,555,1339,79,0,0),(1850,530,1339,73,0,0),(1851,263,1339,55,1,0),(1852,599,1334,37,0,0),(1853,38,1334,45,0,0),(1854,296,1332,3,1,0),(1855,314,1332,83,0,0),(1856,149,1335,43,0,0),(1857,103,1335,39,0,0),(1858,107,1335,20,0,0),(1859,571,1337,47,0,0),(1860,24,1337,19,0,0),(1861,26,1337,54,0,0),(1862,218,1348,4,0,0),(1863,218,1348,37,0,0),(1864,218,1348,77,0,0),(1865,219,1348,91,0,0),(1866,562,1348,13,0,0),(1867,560,1348,18,1,0),(1868,642,1351,73,0,0),(1869,642,1351,74,0,0),(1870,355,1343,71,0,0),(1871,412,1343,82,0,0),(1872,487,1349,12,0,0),(1873,443,1349,50,0,0),(1874,146,1350,75,0,1),(1875,141,1350,52,0,0),(1876,132,1350,89,0,0),(1877,38,1344,57,1,0),(1878,26,1345,23,0,0),(1879,26,1345,84,0,0),(1880,103,1342,19,0,0),(1881,103,1342,59,0,0),(1882,107,1342,53,0,0),(1883,269,1347,67,0,0),(1884,162,1347,13,0,0),(1885,173,1347,88,0,0),(1886,297,1346,46,0,1),(1887,306,1346,3,0,0),(1888,296,1346,8,1,0),(1889,296,1346,63,0,0),(1890,78,1346,32,0,0),(1891,149,1355,33,1,0),(1892,149,1355,88,0,0),(1893,141,1355,46,0,0),(1894,141,1355,55,0,0),(1895,179,1352,78,0,0),(1896,162,1352,92,0,0),(1897,52,1360,52,0,0),(1898,50,1360,31,0,0),(1899,36,1360,71,0,0),(1900,562,1358,40,0,0),(1901,356,1358,84,0,0),(1902,377,1358,71,0,0),(1903,266,1356,12,0,0),(1904,269,1356,94,1,0),(1905,283,1356,54,0,0),(1906,508,1356,36,0,0),(1907,491,1356,44,0,0),(1908,331,1359,18,0,1),(1909,325,1359,71,0,0),(1910,247,1354,42,0,0),(1911,252,1354,95,0,0),(1912,209,1357,22,0,0),(1913,207,1357,28,0,0),(1914,305,1357,39,0,0),(1915,296,1357,82,0,0),(1916,110,1353,32,0,0),(1917,103,1353,71,0,0),(1918,107,1353,92,0,0),(1919,657,1353,57,0,0),(1920,457,1361,52,0,0),(1921,481,1361,24,0,0),(1922,483,1361,84,0,0),(1923,597,1364,71,0,0),(1924,604,1364,60,0,0),(1925,599,1364,48,0,0),(1926,612,1364,90,0,0),(1927,600,1364,80,1,0),(1928,41,1363,37,0,0),(1929,38,1363,27,0,0),(1930,642,1371,46,0,0),(1931,642,1371,67,0,0),(1932,476,1371,36,0,0),(1933,482,1371,29,0,0),(1934,361,1362,4,0,0),(1935,360,1362,51,0,0),(1936,356,1362,86,0,0),(1937,413,1368,69,0,0),(1938,409,1368,55,0,0),(1939,563,1368,16,0,0),(1940,117,1369,9,0,0),(1941,107,1369,68,0,0),(1942,24,1365,21,0,0),(1943,88,1367,25,0,0),(1944,91,1367,81,0,0),(1945,177,1367,15,0,0),(1946,167,1367,4,0,0),(1947,167,1367,46,0,0),(1948,183,1367,67,0,0),(1949,218,1370,47,0,0),(1950,531,1380,50,0,0),(1951,523,1380,53,0,0),(1952,655,1380,19,0,0),(1953,532,1380,77,0,0),(1954,298,1375,16,0,0),(1955,296,1375,45,0,0),(1956,18,1375,82,0,0),(1957,107,1373,39,1,0),(1958,107,1373,64,0,0),(1959,355,1373,32,1,0),(1960,353,1373,24,0,0),(1961,569,1378,73,0,0),(1962,334,1379,75,0,1),(1963,656,1379,37,0,0),(1964,324,1379,65,1,0),(1965,91,1379,81,0,0),(1966,269,1376,65,1,0),(1967,473,1381,37,0,0),(1968,483,1381,46,0,0),(1969,483,1381,57,1,0),(1970,167,1372,30,0,0),(1971,176,1372,80,0,0),(1972,186,1372,91,0,0),(1973,220,1377,83,0,0),(1974,657,1377,36,0,0),(1975,642,1377,85,0,0),(1976,149,1386,39,1,0),(1977,149,1386,81,0,0),(1978,141,1386,62,0,0),(1979,562,1386,2,0,0),(1980,38,1383,25,0,0),(1981,177,1383,42,1,0),(1982,179,1383,16,0,0),(1983,183,1383,74,0,0),(1984,87,1387,95,0,0),(1985,73,1387,72,1,0),(1986,203,1387,33,0,0),(1987,532,1389,35,0,0),(1988,532,1389,40,0,0),(1989,642,1391,22,0,0),(1990,642,1391,36,0,0),(1991,642,1391,66,0,0),(1992,600,1384,92,0,0),(1993,599,1384,88,0,0),(1994,478,1384,22,0,0),(1995,483,1384,63,0,0),(1996,446,1390,23,0,0),(1997,442,1390,93,0,0),(1998,483,1401,67,1,0),(1999,483,1401,80,0,0),(2000,145,1401,52,0,0),(2001,149,1401,37,0,0),(2002,576,1398,88,1,0),(2003,247,1398,40,0,0),(2004,251,1398,20,0,0),(2005,251,1398,62,0,0),(2006,231,1398,89,0,0),(2007,38,1397,74,0,0),(2008,298,1395,50,0,0),(2009,298,1395,59,0,0),(2010,296,1395,75,0,0),(2011,107,1393,43,1,0),(2012,179,1392,25,0,0),(2013,507,1392,75,0,0),(2014,487,1392,65,1,0),(2015,321,1399,86,0,0),(2016,335,1399,20,0,0),(2017,325,1399,46,0,0),(2018,273,1396,15,0,0),(2019,435,1396,28,0,0),(2020,18,1400,19,1,0),(2021,86,1407,20,0,0),(2022,534,1407,47,0,0),(2023,149,1406,28,0,0),(2024,141,1406,68,0,0),(2025,218,1406,58,0,0),(2026,592,1404,22,0,0),(2027,595,1404,42,0,0),(2028,103,1404,93,0,0),(2029,107,1404,26,0,0),(2030,107,1404,67,0,0),(2031,107,1404,85,0,0),(2032,18,1405,1,0,0),(2033,657,1411,89,0,0),(2034,375,1411,22,0,0),(2035,41,1402,88,0,0),(2036,663,1402,31,0,0),(2037,268,1408,48,0,0),(2038,267,1408,87,0,0),(2039,252,1403,60,0,0),(2040,167,1403,43,1,0),(2041,183,1403,78,1,0),(2042,487,1417,30,0,0),(2043,487,1417,85,0,0),(2044,79,1416,55,0,0),(2045,73,1416,1,0,0),(2046,674,1416,65,0,0),(2047,412,1416,17,0,0),(2048,324,1418,61,1,0),(2049,435,1418,54,0,0),(2050,675,1418,77,0,0),(2051,668,1419,7,0,0),(2052,532,1419,98,0,0),(2053,599,1419,84,1,0),(2054,111,1412,26,0,0),(2055,481,1421,87,0,0),(2056,267,1415,75,0,0),(2057,146,1415,20,0,0),(2058,149,1415,44,0,0),(2059,663,1414,30,0,0),(2060,663,1414,33,0,0),(2061,356,1413,49,0,0),(2062,353,1413,89,0,0),(2063,632,1420,13,0,0),(2064,18,1426,80,0,0),(2065,NULL,1426,9,0,0),(2066,675,1431,58,0,0),(2067,459,1431,71,0,0),(2068,41,1423,50,0,0),(2069,105,1422,38,0,0),(2070,103,1422,82,0,0),(2071,107,1422,51,1,0),(2072,218,1422,24,0,0),(2073,149,1427,50,0,0),(2074,149,1427,77,1,0),(2075,655,1427,35,0,0),(2076,681,1428,80,0,0),(2077,499,1430,22,0,0),(2078,487,1430,83,1,0),(2079,377,1430,90,0,0),(2080,358,1430,14,0,0),(2081,355,1430,53,0,0),(2082,244,1424,93,0,1),(2083,343,1424,96,0,0),(2084,600,1425,25,0,0),(2085,599,1425,48,0,0),(2086,599,1425,58,0,0),(2087,599,1425,61,0,0),(2088,298,1425,28,0,0),(2089,298,1425,69,0,1),(2090,298,1425,77,1,0),(2091,398,1429,29,0,0),(2092,180,1429,34,0,0),(2093,162,1429,85,0,0),(2094,167,1429,51,1,0),(2095,167,1429,59,0,0);
/*!40000 ALTER TABLE `gol` ENABLE KEYS */;
UNLOCK TABLES;

--
-- Table structure for table `jornada`
--

DROP TABLE IF EXISTS `jornada`;
/*!40101 SET @saved_cs_client     = @@character_set_client */;
/*!40101 SET character_set_client = utf8 */;
CREATE TABLE `jornada` (
  `id` smallint(6) NOT NULL AUTO_INCREMENT,
  `fecha` date DEFAULT NULL,
  PRIMARY KEY (`id`)
) ENGINE=InnoDB AUTO_INCREMENT=39 DEFAULT CHARSET=utf8mb4 COLLATE=utf8mb4_unicode_ci;
/*!40101 SET character_set_client = @saved_cs_client */;

--
-- Dumping data for table `jornada`
--

LOCK TABLES `jornada` WRITE;
/*!40000 ALTER TABLE `jornada` DISABLE KEYS */;
INSERT INTO `jornada` VALUES (1,NULL),(2,NULL),(3,NULL),(4,NULL),(5,NULL),(6,NULL),(7,NULL),(8,NULL),(9,NULL),(10,NULL),(11,NULL),(12,NULL),(13,NULL),(14,NULL),(15,NULL),(16,NULL),(17,NULL),(18,NULL),(19,NULL),(20,NULL),(21,NULL),(22,NULL),(23,NULL),(24,NULL),(25,NULL),(26,NULL),(27,NULL),(28,NULL),(29,NULL),(30,NULL),(31,NULL),(32,NULL),(33,NULL),(34,NULL),(35,NULL),(36,NULL),(37,NULL),(38,NULL);
/*!40000 ALTER TABLE `jornada` ENABLE KEYS */;
UNLOCK TABLES;

--
-- Table structure for table `jugador`
--

DROP TABLE IF EXISTS `jugador`;
/*!40101 SET @saved_cs_client     = @@character_set_client */;
/*!40101 SET character_set_client = utf8 */;
CREATE TABLE `jugador` (
  `id` int(11) NOT NULL AUTO_INCREMENT,
  `id_equipo` int(11) DEFAULT NULL,
  `nombre` varchar(100) COLLATE utf8mb4_unicode_ci NOT NULL,
  `posicion` varchar(3) COLLATE utf8mb4_unicode_ci NOT NULL,
  `dorsal` int(11) NOT NULL,
  `imagen` varchar(20) COLLATE utf8mb4_unicode_ci NOT NULL,
  `fecha_nacimiento` date NOT NULL,
  `nacionalidad` varchar(50) COLLATE utf8mb4_unicode_ci NOT NULL,
  `pais_nacimiento` varchar(50) COLLATE utf8mb4_unicode_ci NOT NULL,
  PRIMARY KEY (`id`),
  KEY `IDX_527D6F18E2ABE6E6` (`id_equipo`),
  CONSTRAINT `FK_527D6F18E2ABE6E6` FOREIGN KEY (`id_equipo`) REFERENCES `equipo` (`id`)
) ENGINE=InnoDB AUTO_INCREMENT=683 DEFAULT CHARSET=utf8mb4 COLLATE=utf8mb4_unicode_ci;
/*!40101 SET character_set_client = @saved_cs_client */;

--
-- Dumping data for table `jugador`
--

LOCK TABLES `jugador` WRITE;
/*!40000 ALTER TABLE `jugador` DISABLE KEYS */;
INSERT INTO `jugador` VALUES (1,77,'Yuri Berchiche','DEF',12,'','1990-02-10','España','España'),(2,77,'Cristian Ganea','DEL',0,'','1992-05-24','Rumanía','Rumanía'),(3,77,'Unai López','DEL',23,'','1995-10-30','España','España'),(4,77,'Álex Remiro','POR',0,'','1995-03-24','España','España'),(5,77,'Unai Simón','POR',25,'','1997-06-11','España','España'),(6,77,'Herrerín','POR',13,'','1988-01-25','España','España'),(7,77,'Mikel San José','DEF',6,'','1989-05-30','España','España'),(8,77,'Balenziaga','DEF',24,'','1988-02-29','España','España'),(9,77,'Yeray Álvarez','DEF',5,'','1995-01-24','España','España'),(10,77,'Iñigo Lekue','DEF',0,'','1993-05-04','España','España'),(11,77,'Unai Núñez','DEF',3,'','1997-01-30','España','España'),(12,77,'Iñigo Martínez','DEF',4,'','1991-05-17','España','España'),(13,77,'Iturraspe','MED',8,'','1989-03-08','España','España'),(14,77,'Beñat','MED',7,'','1987-02-19','España','España'),(15,77,'De Marcos','MED',18,'','1989-04-10','España','España'),(16,77,'Mikel Rico','MED',17,'','1984-11-01','España','España'),(17,77,'Susaeta','MED',14,'','1987-12-14','España','España'),(18,77,'Raúl García','MED',22,'','1986-07-11','España','España'),(19,77,'Iñigo Kerejeta','MED',11,'','1997-03-13','España','España'),(20,77,'Íñigo Muñoz Cuevas','MED',0,'','1996-12-16','España','España'),(21,77,'Nolaskoain','MED',31,'','1998-10-25','España','España'),(22,77,'Daniel Vivian','MED',0,'','1999-07-15','España','España'),(23,77,'Víctor San Bartolomé','MED',0,'','1999-10-26','España','España'),(24,77,'Muniain','DEL',10,'','1992-12-19','España','España'),(25,77,'Aduriz','DEL',20,'','1981-02-11','España','España'),(26,77,'Williams','DEL',9,'','1994-06-15','España','España'),(27,77,'Gorka Santamaría','DEL',0,'','1995-07-03','España','España'),(28,77,'Capa','MED',21,'','1992-02-08','España','España'),(29,77,'Dani García','MED',16,'','1990-05-24','España','España'),(30,77,'Asier Villalibre Molina','DEL',0,'','1997-09-30','España','España'),(31,77,'Gorka Rodríguez','DEL',30,'','1996-09-12','España','España'),(32,77,'Hodei Oleaga','POR',26,'','1996-12-29','España','España'),(33,78,'Adán','POR',1,'','1987-05-13','España','España'),(34,78,'Thomas','MED',5,'','1993-06-13','Ghana','Ghana'),(35,78,'Godín','DEF',0,'','1986-02-16','Uruguay','Uruguay'),(36,78,'Koke','MED',6,'','1992-01-08','España','España'),(37,78,'Diego Costa','DEL',19,'','1988-10-07','España','España'),(38,78,'Griezmann','DEL',7,'','1991-03-21','Francia','Francia'),(39,78,'José Giménez','DEF',24,'','1995-01-20','Uruguay','Uruguay'),(40,78,'Filipe Luis','DEF',0,'','1985-08-09','Brasil','Brasil'),(41,78,'Saúl Ñíguez','MED',8,'','1994-11-21','España','España'),(42,78,'Oblak','POR',13,'','1993-01-07','Slovenia','Slovenia'),(43,78,'Juanfran Torres','DEF',20,'','1985-01-09','España','España'),(44,78,'Correa','DEL',0,'','1995-03-09','Argentina','Argentina'),(45,78,'Vitolo','MED',23,'','1989-11-02','España','España'),(46,78,'Antonio Montoro','DEF',0,'','1997-05-10','España','España'),(47,78,'Kalinic','DEL',9,'','1988-01-05','Croatia','Croatia'),(48,78,'Rodrigo Hernández','MED',14,'','1996-06-22','España','España'),(49,78,'Gelson Martins','MED',18,'','1995-05-11','Portugal','Cape Verde Islands'),(50,78,'Lucas Hernández','DEF',21,'','1996-02-14','Francia','Francia'),(51,78,'Lemar','DEL',11,'','1995-11-12','Francia','Guadeloupe'),(52,78,'Arias','DEF',4,'','1992-01-13','Colombia','Colombia'),(53,78,'Alex Dos Santos','POR',0,'','1999-01-15','España','Brasil'),(54,78,'Miguel San Román','POR',0,'','1997-07-14','España','España'),(55,78,'Savic','DEF',15,'','1991-01-08','Montenegro','Montenegro'),(56,78,'Rafael Muñoz Benavides','DEF',0,'','1994-06-19','España','España'),(57,78,'Guilherme Siqueira','DEF',0,'','1986-04-28','Brasil','Brasil'),(58,78,'Carlos Isaac','DEF',38,'','1998-04-30','España','España'),(59,78,'Juan Moreno Fernández','MED',0,'','1997-05-11','España','España'),(60,78,'Keidi Bare','MED',0,'','1997-08-28','Albania','Albania'),(61,78,'Ferni','MED',0,'','1998-04-07','España','España'),(62,78,'Toni Moya','MED',0,'','1998-03-20','España','España'),(63,78,'Alberto Rodenas Martinez','MED',0,'','1998-09-26','España','España'),(64,78,'Juan Aguero Nuñez','MED',0,'','1999-05-27','España','Argentina'),(65,78,'Giovanni Navarro','DEL',0,'','1999-06-23','España','España'),(66,78,'Germán Burgos','',0,'','1969-04-16','Argentina','Argentina'),(67,78,'Andres Solano Davila','DEF',33,'','1998-02-24','Colombia','Colombia'),(68,78,'Borja Garcés','DEL',32,'','1999-08-06','España','España'),(69,78,'Francisco Montero','DEF',35,'','1999-01-14','España','España'),(70,78,'Alberto Rodríguez','DEF',0,'','1997-09-10','España','España'),(71,78,'Joaquín Muñoz Benavides','DEL',0,'','1999-03-10','España','España'),(72,80,'Óscar Duarte','DEF',6,'','1989-06-03','Costa Rica','Nicaragua'),(73,80,'Borja Iglesias','DEL',7,'','1993-01-17','España','España'),(74,80,'Diego López','POR',13,'','1981-11-03','España','España'),(75,80,'Adrián','POR',0,'','1999-01-09','España','España'),(76,80,'Eduardo Frías Molleda','POR',0,'','1998-12-31','España','España'),(77,80,'Javier López','DEF',16,'','1986-01-21','España','España'),(78,80,'Naldo','DEF',5,'','1988-08-25','Brasil','Brasil'),(79,80,'Mario Hermoso','DEF',22,'','1995-06-18','España','España'),(80,80,'Dídac Vilà','DEF',12,'','1989-06-09','España','España'),(81,80,'Víctor Sánchez','MED',4,'','1987-09-08','España','España'),(82,80,'Piatti','MED',19,'','1989-03-31','Argentina','Argentina'),(83,80,'Marc Roca','MED',21,'','1996-11-26','España','España'),(84,80,'David López','MED',15,'','1989-10-09','España','España'),(85,80,'Melendo','MED',14,'','1997-08-23','España','España'),(86,80,'Granero','MED',23,'','1987-07-02','España','España'),(87,80,'Sergi Darder','MED',10,'','1993-12-22','España','España'),(88,80,'Leo Baptistão','DEL',11,'','1992-08-26','Brasil','Brasil'),(89,80,'Sergio García','DEL',9,'','1983-06-09','España','España'),(90,80,'Roberto Jiménez','POR',1,'','1986-02-10','España','España'),(91,80,'Rosales','DEF',8,'','1988-11-20','Venezuela','Venezuela'),(92,80,'Hernán Pérez','MED',17,'','1989-02-25','Paraguay','Paraguay'),(93,80,'Carlos Doncel','MED',0,'','1996-12-04','España','España'),(94,80,'Álex López Moreno','MED',18,'','1997-06-02','España','España'),(95,80,'Javier Puado','DEL',20,'','1998-05-25','España','España'),(96,80,'Adrià Pedrosa','DEF',28,'','1998-05-13','España','España'),(97,80,'Lluis López','DEF',0,'','1997-03-05','España','España'),(98,80,'Gonzalo Ávila Gordón','DEF',0,'','1998-01-26','España','España'),(99,81,'Lenglet','DEF',15,'','1995-06-17','Francia','Francia'),(100,81,'Arturo Vidal','MED',22,'','1987-05-22','Chile','Chile'),(101,81,'Arthur','MED',0,'','1996-08-12','Brasil','Brasil'),(102,81,'Rafinha','MED',12,'','1993-02-12','Brasil','Brasil'),(103,81,'Luis Suárez','DEL',9,'','1987-01-24','Uruguay','Uruguay'),(104,81,'Marc-André ter Stegen','POR',1,'','1992-04-30','Alemania','Alemania'),(105,81,'Piqué','DEF',3,'','1987-02-02','España','España'),(106,81,'Jordi Alba','DEF',18,'','1989-03-21','España','España'),(107,81,'Messi','DEL',10,'','1987-06-24','Argentina','Argentina'),(108,81,'Coutinho','MED',0,'','1992-06-12','Brasil','Brasil'),(109,81,'Umtiti','DEF',23,'','1993-11-14','Francia','Cameroon'),(110,81,'Dembélé','DEL',11,'','1997-05-15','Francia','Francia'),(111,81,'Rakitic','MED',4,'','1988-03-10','Croatia','Switzerland'),(112,81,'Moussa Wagué','DEF',0,'','1998-10-04','Senegal','Senegal'),(113,81,'Vermaelen','DEF',24,'','1985-11-14','Belgium','Belgium'),(114,81,'Malcom','DEL',0,'','1997-02-26','Brasil','Brasil'),(115,81,'Sergio Busquets','MED',5,'','1988-07-16','España','España'),(116,81,'Jasper Cillessen','POR',13,'','1989-04-22','Netherlands','Netherlands'),(117,81,'Nelson Semedo','DEF',2,'','1993-11-16','Portugal','Portugal'),(118,81,'Sergi Roberto','MED',20,'','1992-02-07','España','España'),(119,81,'Aleñá','MED',26,'','1998-01-05','España','España'),(120,81,'Denís Suárez','MED',6,'','1994-01-06','España','España'),(121,81,'Oriol Busquets','MED',0,'','1999-01-20','España','España'),(122,81,'Juan Miranda','DEF',0,'','2000-01-19','España','España'),(123,81,'Jokin Ezkieta Mendiburu','POR',31,'','1996-08-17','España','España'),(124,81,'Juan Brandáriz','DEF',36,'','1999-03-02','España','España'),(125,81,'Ricard Puig','DEL',0,'','1999-08-13','España','España'),(126,81,'Munir El Haddadi','DEL',19,'','1995-09-01','España','España'),(127,81,'Sergi Samper','MED',0,'','1995-01-20','España','España'),(128,81,'Jorge Cuenca','DEF',0,'','1999-11-17','España','España'),(129,81,'Iñaki Peña','POR',0,'','1999-03-02','España','España'),(130,82,'David Soria','POR',13,'','1993-04-04','España','España'),(131,82,'Cristóforo','MED',15,'','1993-08-23','Uruguay','Uruguay'),(132,82,'Ángel Rodríguez','DEL',9,'','1987-04-26','España','España'),(133,82,'Antunes','DEF',3,'','1987-04-01','Portugal','Portugal'),(134,82,'Francisco Portillo','MED',8,'','1990-06-13','España','España'),(135,82,'Gaku Shibasaki','MED',10,'','1992-05-28','Japan','Japan'),(136,82,'Djené','DEF',2,'','1991-12-31','Togo','Togo'),(137,82,'Amath Ndiaye','MED',11,'','1996-07-16','Senegal','Senegal'),(138,82,'Alberto Redondo','MED',0,'','1997-03-22','España','España'),(139,82,'David Alba','',0,'','1999-05-05','España','España'),(140,82,'Leandro Chichizola','POR',1,'','1990-03-27','Argentina','Argentina'),(141,82,'Jorge Molina','DEL',19,'','1982-04-22','España','España'),(142,82,'Pape Mobodji','MED',0,'','1997-09-20','Senegal','Senegal'),(143,82,'Miguel Ángel Rubio','',0,'','1998-03-11','España','España'),(144,82,'Maksimovic','MED',20,'','1995-01-26','Serbia','Serbia'),(145,82,'Foulquier','DEF',24,'','1993-03-23','Francia','Francia'),(146,82,'Leandro Cabrera','DEF',6,'','1991-06-17','Uruguay','Uruguay'),(147,82,'Robert Ibáñez','DEL',17,'','1993-03-22','España','España'),(148,82,'Sergi Guardiola','MED',14,'','1991-05-29','España','España'),(149,82,'Jaime Mata','DEL',7,'','1988-10-24','España','España'),(150,82,'Rubén Yáñez','POR',0,'','1993-10-12','España','España'),(151,82,'Damián Suárez','DEF',22,'','1988-04-27','Uruguay','Uruguay'),(152,82,'Bruno González','DEF',4,'','1990-05-24','España','España'),(153,82,'Sergio Mora','MED',0,'','1979-08-30','España','España'),(154,82,'Bergara','MED',5,'','1986-05-05','España','España'),(155,82,'Mauro Arambarri','MED',18,'','1995-09-30','Uruguay','Uruguay'),(156,82,'Flamini','MED',0,'','1984-03-07','Francia','Francia'),(157,82,'Hugo Duro','',27,'','1999-11-10','España','España'),(158,82,'José Vegar','',0,'','1975-02-22','España','España'),(159,82,'Ignasi Miquel','DEF',21,'','1992-09-28','España','España'),(160,82,'Iván Alejo','MED',23,'','1995-02-10','España','España'),(161,86,'Odriozola','DEL',19,'','1995-12-14','España','España'),(162,86,'Modric','MED',10,'','1985-09-09','Croatia','Croatia'),(163,86,'Lucas Vázquez','MED',17,'','1991-07-01','España','España'),(164,86,'Jesús Vallejo','DEF',3,'','1997-01-05','España','España'),(165,86,'Kroos','MED',8,'','1990-01-04','Alemania','Alemania'),(166,86,'Marcelo','DEF',12,'','1988-05-12','Brasil','Brasil'),(167,86,'Benzema','DEL',9,'','1987-12-19','Francia','Francia'),(168,86,'Nacho Fernández','DEF',6,'','1990-01-18','España','España'),(169,86,'Keylor Navas','POR',1,'','1986-12-15','Costa Rica','Costa Rica'),(170,86,'Asensio','MED',20,'','1996-01-21','España','España'),(171,86,'Isco','MED',22,'','1992-04-21','España','España'),(172,86,'Kiko Casilla','POR',0,'','1986-10-02','España','España'),(173,86,'Dani Ceballos','MED',24,'','1996-08-07','España','España'),(174,86,'Marcos Llorente','MED',18,'','1995-01-30','España','España'),(175,86,'Fede Valverde','MED',0,'','1998-07-22','Uruguay','Uruguay'),(176,86,'Vinícius Júnior','DEL',28,'','2000-07-12','Brasil','Brasil'),(177,86,'Sergio Ramos','DEF',4,'','1986-03-30','España','España'),(178,86,'Carvajal','DEF',2,'','1992-01-11','España','España'),(179,86,'Casemiro','MED',0,'','1992-02-23','Brasil','Brasil'),(180,86,'Varane','DEF',5,'','1993-04-25','Francia','Francia'),(181,86,'Courtois','POR',25,'','1992-05-11','Belgium','Belgium'),(182,86,'Luca Zidane','POR',0,'','1998-05-13','Francia','Francia'),(183,86,'Bale','MED',11,'','1989-07-16','Wales','Wales'),(184,86,'Francisco Feuillasier Abalo','DEL',0,'','1998-05-12','Argentina','Argentina'),(185,86,'Cristo González','DEL',0,'','1997-10-24','España','España'),(186,86,'Mariano Díaz','DEL',7,'','1993-08-01','Dominican Republic','España'),(187,86,'Reguilón','DEF',23,'','1996-12-16','España','España'),(188,86,'Javi Sánchez','DEF',31,'','1997-03-14','España','España'),(189,86,'Santiago Solari','',0,'','1976-10-07','Argentina','Argentina'),(190,86,'Adrián Barquilla','DEF',0,'','1999-02-26','España','España'),(191,87,'Jordi Amat','DEF',16,'','1992-03-21','España','España'),(192,87,'Gálvez','DEF',23,'','1989-06-06','España','España'),(193,87,'Advíncula','MED',0,'','1990-03-02','Peru','Peru'),(194,87,'Imbula','MED',12,'','1996-01-17','Congo DR','Belgium'),(195,87,'Kakuta','MED',10,'','1991-06-21','Congo DR','Francia'),(196,87,'Cobeño','POR',0,'','1982-04-06','España','España'),(197,87,'Toño','POR',0,'','1979-12-17','España','España'),(198,87,'Álex Campos','POR',0,'','1991-06-28','España','España'),(199,87,'Alberto García','POR',1,'','1985-02-09','España','España'),(200,87,'Chechu Dorado','DEF',5,'','1982-07-10','España','España'),(201,87,'Akieme','DEF',28,'','1997-12-16','España','Equatorial Guinea'),(202,87,'Kike','DEF',0,'','1980-01-01','España','España'),(203,87,'Abdoulaye Ba','DEF',21,'','1991-01-01','Senegal','Senegal'),(204,87,'Emiliano Velázquez','DEF',20,'','1994-04-30','Uruguay','Uruguay'),(205,87,'Mario Hernández','DEF',0,'','1999-01-25','España','España'),(206,87,'Roberto Trashorras','MED',0,'','1981-02-28','España','España'),(207,87,'Embarba','MED',11,'','1992-05-07','España','España'),(208,87,'Jonatan Caballero','MED',0,'','1998-09-03','España','España'),(209,87,'Comesaña','MED',27,'','1996-10-05','España','España'),(210,87,'Kike Pérez','MED',0,'','1997-02-14','España','España'),(211,87,'Trejo','MED',8,'','1988-04-26','Argentina','Argentina'),(212,87,'Emiliano Armenteros','MED',0,'','1986-01-18','Argentina','Argentina'),(213,87,'Gorka Elustondo','MED',6,'','1987-03-18','España','España'),(214,87,'Manucho Gonçalves','DEL',0,'','1983-03-07','Angola','Angola'),(215,87,'Javi Guerra','DEL',24,'','1982-03-15','España','España'),(216,87,'Álex Moreno','DEL',7,'','1993-06-08','España','España'),(217,87,'Alejandro Domínguez','DEL',0,'','1981-06-10','Argentina','Argentina'),(218,87,'Raúl de Tomás','DEL',9,'','1994-10-17','España','España'),(219,87,'Bebé','DEL',14,'','1990-07-12','Portugal','Portugal'),(220,87,'Álvaro García','MED',18,'','1992-10-27','España','España'),(221,87,'Lass Bangoura','MED',19,'','1992-09-30','Guinea','Guinea'),(222,87,'Pozo','DEL',22,'','1996-03-15','España','España'),(223,87,'Álex Alegría','DEL',15,'','1992-10-10','España','España'),(224,87,'Medrán','MED',4,'','1994-03-15','España','España'),(225,87,'Tito','DEF',2,'','1985-07-11','España','España'),(226,87,'Dimitrievski','POR',13,'','1993-12-25','FYR Macedonia','FYR Macedonia'),(227,87,'Morro','POR',30,'','1980-01-01','España','España'),(228,87,'Sergio Moreno','DEL',29,'','1980-01-01','España','España'),(229,87,'Mese','DEF',0,'','1999-09-07','España','España'),(230,87,'Manuel Navarro','MED',0,'','2000-10-09','España','España'),(231,88,'Borja Mayoral','DEL',2,'','1997-04-05','España','España'),(232,88,'Moses Simon','DEL',7,'','1995-07-12','Nigeria','Nigeria'),(233,88,'Prcić','MED',8,'','1993-11-20','Bosnia and Herzegovina','Francia'),(234,88,'Raphael Dwamena','DEL',20,'','1995-09-12','Ghana','Ghana'),(235,88,'Aitor Fernández','POR',25,'','1991-05-03','España','España'),(236,88,'Samu García','DEL',0,'','1990-07-13','España','España'),(237,88,'Oier Olazábal','POR',13,'','1989-09-14','España','España'),(238,88,'Jorge Ojeda','POR',0,'','1995-09-27','España','España'),(239,88,'Pedro López','DEF',19,'','1983-11-01','España','España'),(240,88,'Toño García','DEF',3,'','1989-11-07','España','España'),(241,88,'Sergio Postigo','DEF',15,'','1988-11-04','España','España'),(242,88,'Chema','DEF',6,'','1992-03-03','España','España'),(243,88,'Campaña','DEF',24,'','1993-05-31','España','España'),(244,88,'Rober Pier','DEF',4,'','1995-02-16','España','España'),(245,88,'Luna','DEF',22,'','1991-03-17','España','España'),(246,88,'Cabaco','DEF',18,'','1995-04-19','Uruguay','Uruguay'),(247,88,'Coke','DEF',12,'','1987-04-26','España','España'),(248,88,'Bardhi','MED',10,'','1995-07-02','FYR Macedonia','FYR Macedonia'),(249,88,'Doukouré','MED',5,'','1992-09-11','Côte d’Ivoire','Côte d’Ivoire'),(250,88,'Youssouf Yalike','MED',0,'','1980-01-01','Côte d’Ivoire','Côte d’Ivoire'),(251,88,'Morales','DEL',11,'','1987-07-23','España','España'),(252,88,'Roger','DEL',9,'','1991-01-03','España','España'),(253,88,'Jason','DEL',23,'','1994-07-06','España','España'),(254,88,'Emmanuel Boateng','DEL',21,'','1996-05-23','Ghana','Ghana'),(255,88,'Rochina','DEL',16,'','1991-03-23','Francia','España'),(256,88,'Armando Sadiku','DEL',0,'','1991-05-27','Albania','Albania'),(257,88,'Paco López','',0,'','1967-09-19','España','España'),(258,88,'Genís Montolio','DEF',0,'','1996-07-23','España','España'),(259,88,'Vukčević','MED',17,'','1991-12-13','Montenegro','Montenegro'),(260,88,'Francisco Manzanara','DEF',0,'','1996-09-12','España','España'),(261,90,'Javi García','MED',3,'','1987-02-08','España','España'),(262,90,'Barragán','DEF',19,'','1987-06-12','España','España'),(263,90,'Sanabria','DEL',9,'','1996-03-04','Paraguay','Paraguay'),(264,90,'Zouhair Feddal','DEF',4,'','1989-01-01','Morocco','Morocco'),(265,90,'Guardado','DEF',18,'','1986-09-28','Mexico','Mexico'),(266,90,'Tello','DEL',11,'','1991-08-11','España','España'),(267,90,'Joaquín','MED',17,'','1981-07-21','España','España'),(268,90,'Aïssa Mandi','DEF',23,'','1991-10-22','Algeria','Francia'),(269,90,'Canales','MED',6,'','1991-02-16','España','España'),(270,90,'Sergio León','DEL',7,'','1989-01-06','España','España'),(271,90,'Francis Guerrero','MED',2,'','1996-03-11','España','España'),(272,90,'Sidnei','DEF',12,'','1989-08-23','Brasil','Brasil'),(273,90,'Lo Celso','MED',21,'','1996-04-09','Argentina','Argentina'),(274,90,'William Carvalho','MED',14,'','1992-04-07','Portugal','Angola'),(275,90,'Joel Robles','POR',1,'','1990-06-17','España','España'),(276,90,'Pau López','POR',13,'','1994-12-13','España','España'),(277,90,'Wilfrid Kaptoum','MED',34,'','1996-07-07','Cameroon','Cameroon'),(278,90,'Pedro López','POR',0,'','1995-01-21','España','España'),(279,90,'Daniel  Rebollo','POR',0,'','1999-12-10','España','España'),(280,90,'Junior Firpo','DEF',20,'','1996-05-10','España','España'),(281,90,'Marc Bartra','DEF',5,'','1991-01-15','España','España'),(282,90,'Boudebouz','MED',10,'','1990-02-19','Algeria','Francia'),(283,90,'Loren Morón','DEL',16,'','1993-12-30','España','España'),(284,90,'Takashi Inui','DEL',8,'','1988-06-02','Japan','Japan'),(285,90,'Édgar González','DEF',0,'','1997-04-01','España','España'),(286,90,'Paul Akouokou','',0,'','1980-01-01','Finland','Finland'),(287,90,'Diego Altamirano','DEL',37,'','1997-03-13','España','España'),(288,90,'Roberto González','DEL',33,'','2001-01-06','España','España'),(289,92,'Illarramendi','MED',4,'','1990-03-08','España','España'),(290,92,'Juanmi Jiménez','DEL',7,'','1993-05-20','España','España'),(291,92,'Zurutuza','MED',17,'','1986-07-19','España','Francia'),(292,92,'Xabi Prieto','MED',0,'','1983-08-29','España','España'),(293,92,'Raúl Navas','DEF',22,'','1988-05-11','España','España'),(294,92,'Rulli','POR',0,'','1992-05-20','Argentina','Argentina'),(295,92,'Kevin Rodrigues','MED',20,'','1994-03-05','Portugal','Francia'),(296,92,'Willian José','DEL',12,'','1991-11-23','Brasil','Brasil'),(297,92,'Diego Llorente','DEF',3,'','1993-08-16','España','España'),(298,92,'Oyarzabal','MED',10,'','1997-04-21','España','España'),(299,92,'Aritz Elustondo','DEF',15,'','1994-03-28','España','España'),(300,92,'Jon Bautista','DEL',21,'','1995-07-03','España','España'),(301,92,'Zubeldia','MED',5,'','1997-03-30','España','España'),(302,92,'Theo Hernández','DEF',19,'','1997-10-06','Francia','Francia'),(303,92,'Moyà','POR',13,'','1984-04-02','España','España'),(304,92,'Zaldua','DEF',2,'','1992-06-24','España','España'),(305,92,'Héctor Moreno','DEF',6,'','1988-01-17','Mexico','Mexico'),(306,92,'Mikel Merino','MED',8,'','1996-06-22','España','España'),(307,92,'Januzaj','MED',11,'','1995-02-05','Belgium','Belgium'),(308,92,'Sandro Ramírez','DEL',24,'','1995-07-09','España','España'),(309,92,'David Concha','DEL',0,'','1996-11-20','España','España'),(310,92,'Andoni Zubiaurre','POR',30,'','1996-12-04','España','España'),(311,92,'Andoni Gorosabel','DEF',18,'','1996-08-04','España','España'),(312,92,'Jon Guridi','MED',0,'','1995-02-28','España','España'),(313,92,'Ander Guevara','MED',26,'','1997-07-07','España','España'),(314,92,'Rubén Pardo','MED',14,'','1992-10-22','España','España'),(315,92,'Agirretxe','DEL',0,'','1987-02-24','España','España'),(316,92,'Luca Sangalli','MED',23,'','1995-02-10','España','España'),(317,92,'Martín Merquelanz','DEL',16,'','1995-06-12','España','España'),(318,92,'Naïs Djouahra','MED',31,'','1999-11-23','Francia','Francia'),(319,92,'Roberto López','MED',28,'','2000-04-24','España','España'),(320,94,'Layún','DEF',24,'','1988-06-25','Mexico','Mexico'),(321,94,'Alfonso Pedraza','MED',16,'','1996-04-09','España','España'),(322,94,'Funes Mori','DEF',4,'','1991-03-05','Argentina','Argentina'),(323,94,'Bacca','DEL',9,'','1986-09-08','Colombia','Colombia'),(324,94,'Santi Cazorla','MED',19,'','1984-12-13','España','España'),(325,94,'Toko Ekambi','DEL',17,'','1992-09-14','Cameroon','Francia'),(326,94,'Gerard Moreno','DEL',7,'','1992-04-07','España','España'),(327,94,'Iturra','MED',20,'','1984-06-23','Chile','Chile'),(328,94,'Sergio Asenjo','POR',1,'','1989-06-28','España','España'),(329,94,'Mariano Barbosa','POR',0,'','1984-07-27','Argentina','Argentina'),(330,94,'Andrés Fernández','POR',13,'','1986-12-17','España','España'),(331,94,'Jaume Costa','DEF',11,'','1988-03-18','España','España'),(332,94,'Mario Gaspar','DEF',2,'','1990-11-24','España','España'),(333,94,'Víctor Ruiz','DEF',6,'','1989-01-25','España','España'),(334,94,'Bonera','DEF',23,'','1981-05-31','Italy','Italy'),(335,94,'Álvaro González','DEF',3,'','1990-01-08','España','España'),(336,94,'José Castaño','DEF',0,'','1998-12-10','España','España'),(337,94,'Bruno','MED',0,'','1984-06-12','España','España'),(338,94,'Trigueros','MED',14,'','1991-10-17','España','España'),(339,94,'Fornals','MED',8,'','1996-02-22','España','España'),(340,94,'Morlanes','MED',28,'','1999-01-12','España','España'),(341,94,'Pedro Martínez','MED',0,'','1996-02-09','España','España'),(342,94,'Sergio Lozano','MED',0,'','1999-03-24','España','España'),(343,94,'Samu Chukwueze','MED',30,'','1999-05-22','Nigeria','Nigeria'),(344,94,'Javi Fuego','MED',0,'','1984-01-04','España','España'),(345,94,'Mario González','DEL',0,'','1996-02-25','España','España'),(346,94,'Sansone','DEL',10,'','1991-09-10','Italy','Alemania'),(347,94,'Darío Poveda','DEL',0,'','1997-03-13','España','España'),(348,94,'Dani Raba','DEL',22,'','1995-10-29','España','España'),(349,94,'Rubén Uría','',0,'','1968-01-30','España','España'),(350,94,'Xavier Quintillà','DEF',0,'','1996-08-23','España','España'),(351,94,'Santiago Cáseres','MED',5,'','1997-02-25','Argentina','Argentina'),(352,94,'Miguelón','DEF',15,'','1996-01-18','España','España'),(353,95,'Gameiro','DEL',9,'','1987-05-09','Francia','Francia'),(354,95,'Nacho Gil','DEL',0,'','1995-09-09','España','España'),(355,95,'Parejo','MED',10,'','1989-04-16','España','España'),(356,95,'Rodrigo','DEL',19,'','1991-03-06','España','Brasil'),(357,95,'Neto','POR',13,'','1989-07-19','Brasil','Brasil'),(358,95,'Guedes','DEL',7,'','1996-11-29','Portugal','Portugal'),(359,95,'Batshuayi','DEL',23,'','1993-10-02','Belgium','Belgium'),(360,95,'Denis Cheryshev','DEL',11,'','1990-12-26','Russia','Russia'),(361,95,'Diakhaby','DEF',12,'','1996-12-19','Francia','Francia'),(362,95,'Daniel Wass','MED',18,'','1989-05-31','Denmark','Denmark'),(363,95,'Coquelin','MED',17,'','1991-05-13','Francia','Francia'),(364,95,'Piccini','DEF',21,'','1992-09-26','Italy','Italy'),(365,95,'Jaume Doménech','POR',1,'','1990-11-05','España','España'),(366,95,'Cristian Rivero','POR',0,'','1998-03-21','España','España'),(367,95,'Lato','DEF',15,'','1997-11-21','España','España'),(368,95,'Garay','DEF',24,'','1986-10-10','Argentina','Argentina'),(369,95,'Javier Jiménez','DEF',0,'','1997-03-11','España','España'),(370,95,'Rúben Vezo','DEF',3,'','1994-04-25','Portugal','Portugal'),(371,95,'Jeison Murillo','DEF',0,'','1992-05-27','Colombia','Colombia'),(372,95,'Gabriel Paulista','DEF',5,'','1990-11-26','Brasil','Brasil'),(373,95,'Gayà','MED',14,'','1995-05-25','España','España'),(374,95,'Carlos Soler','MED',8,'','1997-01-02','España','España'),(375,95,'Kondogbia','MED',6,'','1993-02-15','Central African Republic','Francia'),(376,95,'Santi Mina','DEL',22,'','1995-12-07','España','España'),(377,95,'Ferrán Torres','DEL',20,'','2000-02-29','España','España'),(378,95,'Voro','',0,'','1963-10-09','España','España'),(379,95,'Uroš Račić','DEL',0,'','1998-03-17','Serbia','Serbia'),(380,95,'Alejandro Blanco','DEL',0,'','1998-12-16','España','España'),(381,95,'Lee Kangin','MED',0,'','2001-02-19','Korea Republic','Korea Republic'),(382,95,'Hugo Guillamón','DEF',0,'','2000-01-31','España','España'),(383,250,'Daniele Verde','DEL',11,'','1996-06-20','Italy','Italy'),(384,250,'Cop','DEL',20,'','1990-02-01','Croatia','Croatia'),(385,250,'Alberto Guitián','MED',0,'','1990-07-29','España','España'),(386,250,'Julio Iricibar','POR',0,'','1993-06-16','España','España'),(387,250,'Masip','POR',1,'','1989-01-03','España','España'),(388,250,'Javier Chica','DEF',0,'','1985-05-17','España','España'),(389,250,'Xavier Carmona','DEF',0,'','1993-01-21','España','España'),(390,250,'Iván Casado Ortiz','DEF',0,'','1993-01-06','España','España'),(391,250,'Nacho Martínez','DEF',22,'','1989-03-07','España','España'),(392,250,'Kiko Olivas','DEF',4,'','1988-08-21','España','España'),(393,250,'Calero','DEF',5,'','1995-09-14','España','España'),(394,250,'Lukas Rotpuller','DEF',0,'','1991-03-31','Austria','Austria'),(395,250,'Baraja','MED',0,'','1980-08-24','España','España'),(396,250,'Óscar','MED',0,'','1982-11-12','España','España'),(397,250,'Alberto Rodríguez','MED',0,'','1992-02-01','España','España'),(398,250,'Anuar','MED',23,'','1995-01-15','España','España'),(399,250,'Javi Moyano','MED',17,'','1986-02-23','España','España'),(400,250,'Daniel Espinar Vallejo','MED',0,'','1995-04-17','España','España'),(401,250,'Michel Herrero','MED',21,'','1988-07-29','España','España'),(402,250,'Antonio Cotán','MED',0,'','1995-09-19','España','España'),(403,250,'Antoñito','MED',18,'','1987-12-24','España','España'),(404,250,'Borja','MED',8,'','1981-01-14','España','España'),(405,250,'Toni Villa','MED',19,'','1995-01-07','España','España'),(406,250,'Luismi Sánchez','MED',0,'','1992-05-05','España','España'),(407,250,'Daniel Vega','DEL',0,'','1997-01-11','España','España'),(408,250,'Guzmán','DEL',0,'','1984-12-16','España','España'),(409,250,'Óscar Plano','DEL',10,'','1991-02-11','España','España'),(410,250,'Christopher Ramos','DEL',12,'','1997-01-16','España','España'),(411,250,'Joaquín Fernández','MED',2,'','1996-05-31','España','España'),(412,250,'Rubén Alcaraz','MED',14,'','1991-05-01','España','España'),(413,250,'Keko','DEL',24,'','1991-12-27','España','España'),(414,250,'Kuki','DEL',0,'','1998-05-05','España','Uruguay'),(415,250,'Ivi López','DEL',7,'','1994-06-29','España','España'),(416,250,'Samuel Pérez','POR',26,'','1997-04-26','España','España'),(417,250,'Leo Suárez','DEL',32,'','1996-03-30','Argentina','Argentina'),(418,250,'Enes Ünal','DEL',9,'','1997-05-10','Turkey','Turkey'),(419,250,'Yoel','POR',13,'','1988-08-28','España','España'),(420,250,'Javi Pérez','MED',0,'','1995-08-14','España','España'),(421,250,'Miguel De la Fuente','DEL',27,'','1999-09-03','España','España'),(422,250,'Mohammed Salisu','DEF',28,'','1999-04-17','Benin','Benin'),(423,250,'Moisés Delgado','DEF',3,'','1994-04-18','España','España'),(424,250,'Pablo Muñoz','MED',0,'','1999-12-19','España','España'),(425,250,'Roberto Corral','DEF',0,'','1997-09-14','España','España'),(426,263,'Carlos Vigaray','DEF',2,'','1994-09-07','España','España'),(427,263,'Sobrino','DEL',7,'','1993-06-01','España','España'),(428,263,'Wakaso','MED',22,'','1990-07-25','Ghana','Ghana'),(429,263,'Ibai Gómez','MED',11,'','1989-11-11','España','España'),(430,263,'Rodrigo Ely','DEF',4,'','1993-11-03','Brasil','Brasil'),(431,263,'Manu García','MED',19,'','1986-04-26','España','España'),(432,263,'Pacheco','POR',1,'','1992-05-18','España','España'),(433,263,'Burgui','DEL',14,'','1993-10-29','España','España'),(434,263,'Tomás Pina','MED',8,'','1987-10-14','España','España'),(435,263,'Maripán','DEF',6,'','1994-05-06','Chile','Chile'),(436,263,'Daniel Torres','MED',16,'','1989-11-15','Colombia','Colombia'),(437,263,'Antonio Sivera','POR',13,'','1996-08-11','España','España'),(438,263,'Ximo','DEF',15,'','1990-01-23','España','España'),(439,263,'Calleri','DEL',12,'','1993-09-23','Argentina','Argentina'),(440,263,'Guidetti','DEL',10,'','1992-04-15','Sweden','Sweden'),(441,263,'Patrick Twumasi','DEL',24,'','1994-05-09','Ghana','Ghana'),(442,263,'Jony Rodríguez','MED',23,'','1991-07-09','España','España'),(443,263,'Borja Bastón','DEL',18,'','1992-08-25','España','España'),(444,263,'Adrián Marín','DEF',17,'','1997-01-09','España','España'),(445,263,'Aritz Castro','POR',0,'','1998-05-20','España','España'),(446,263,'Laguardia','DEF',5,'','1989-11-05','España','España'),(447,263,'Martín Aguirregabiria','DEF',21,'','1996-05-10','España','España'),(448,263,'Rubén Duarte','DEF',3,'','1995-10-18','España','España'),(449,263,'Adrián Dieguez','DEF',26,'','1996-02-04','España','España'),(450,263,'Xavier Tamarit','',0,'','1982-01-06','España','España'),(451,263,'Brasanac','MED',20,'','1992-02-12','Serbia','Serbia'),(452,263,'Ximo Navarro','DEL',0,'','1988-09-12','España','España'),(453,263,'Antonio Perera','MED',27,'','1997-06-08','España','España'),(454,263,'Andrei Lupu','DEL',34,'','1998-01-01','Rumanía','Rumanía'),(455,263,'Álex Domínguez','POR',31,'','1998-07-30','España','España'),(456,278,'Dmitrovic','POR',1,'','1992-01-24','Serbia','Serbia'),(457,278,'De Blasis','MED',16,'','1988-02-04','Argentina','Argentina'),(458,278,'Cucurella','DEF',20,'','1998-07-22','España','España'),(459,278,'Marc Cardona','DEL',7,'','1995-07-08','España','España'),(460,278,'Jordi Espinach','DEF',2,'','1995-08-02','España','España'),(461,278,'Sergio Álvarez','MED',6,'','1992-01-23','España','España'),(462,278,'Pablo Hervías','MED',18,'','1993-03-08','España','España'),(463,278,'Pere Milla','DEL',22,'','1992-09-23','España','España'),(464,278,'Bigas','DEF',3,'','1990-09-19','España','España'),(465,278,'Asier Riesgo','POR',13,'','1983-10-06','España','España'),(466,278,'Markel Areitio','POR',35,'','1996-09-07','España','España'),(467,278,'Ramis','DEF',4,'','1984-10-25','España','España'),(468,278,'Arbilla','DEF',23,'','1987-05-15','España','España'),(469,278,'José Ángel Cote','DEF',15,'','1989-09-05','España','España'),(470,278,'Paulo Oliveira','DEF',12,'','1992-01-08','Portugal','Portugal'),(471,278,'Gonzalo Escalante','MED',5,'','1993-03-27','Argentina','Argentina'),(472,278,'Julen López','MED',0,'','1995-07-20','España','España'),(473,278,'Rubén Peña','MED',11,'','1991-07-18','España','España'),(474,278,'Pedro León','MED',0,'','1986-11-24','España','España'),(475,278,'Fran Rico','MED',0,'','1987-08-03','España','España'),(476,278,'Joan Jordan','MED',24,'','1994-07-06','España','España'),(477,278,'Julen Azkue','MED',0,'','1994-11-30','España','España'),(478,278,'Orellana','MED',14,'','1986-01-27','Chile','Chile'),(479,278,'Diop','MED',8,'','1986-03-19','Senegal','Senegal'),(480,278,'Ángel López','MED',0,'','1996-01-01','España','España'),(481,278,'Sergi Enrich','DEL',9,'','1990-02-26','España','España'),(482,278,'Kike García','DEL',17,'','1989-11-25','España','España'),(483,278,'Charles','DEL',19,'','1984-04-04','Brasil','Brasil'),(484,278,'Francesc Regis','DEL',0,'','1996-09-30','España','España'),(485,278,'Mendilibar','',0,'','1961-03-14','España','España'),(486,278,'Andoni Azkargorta','',0,'','1980-01-01','España','España'),(487,298,'Stuani','DEL',0,'','1986-10-12','Uruguay','Uruguay'),(488,298,'Bono','POR',13,'','1991-04-05','Morocco','Canada'),(489,298,'Johan Mojica','DEF',0,'','1992-08-21','Colombia','Colombia'),(490,298,'Bernardo','DEF',2,'','1989-07-11','Colombia','Colombia'),(491,298,'Doumbia','DEL',22,'','1987-12-31','Côte d’Ivoire','Côte d’Ivoire'),(492,298,'Patrick Roberts','DEL',17,'','1997-02-05','England','England'),(493,298,'Choco Lozano','DEL',19,'','1993-04-25','Honduras','Honduras'),(494,298,'Marc Vito','POR',36,'','1996-03-10','España','España'),(495,298,'Marcel Lizak','POR',0,'','1996-07-15','Poland','Poland'),(496,298,'Iraizoz','POR',1,'','1981-03-06','España','España'),(497,298,'Pedro Alcalá','DEF',5,'','1989-03-19','España','España'),(498,298,'Juanpe','DEF',15,'','1991-04-30','España','España'),(499,298,'Ramalho','DEF',4,'','1993-06-10','España','España'),(500,298,'Marc Muniesa','DEF',20,'','1992-03-27','España','España'),(501,298,'Carles Planas','DEF',21,'','1991-03-04','España','España'),(502,298,'Maximiliano Villa','DEF',0,'','1997-03-03','Uruguay','Uruguay'),(503,298,'Aday Benítez','MED',11,'','1987-12-16','España','España'),(504,298,'Álex Granell','MED',6,'','1988-08-02','España','España'),(505,298,'Pere Pons','MED',8,'','1993-02-20','España','España'),(506,298,'Borja García','MED',10,'','1990-11-02','España','España'),(507,298,'Portu','MED',9,'','1992-11-01','España','España'),(508,298,'Aleix García','MED',23,'','1997-06-28','España','España'),(509,298,'Douglas Luiz','MED',12,'','1998-05-09','Brasil','Brasil'),(510,298,'Pedro Porro','MED',0,'','1980-01-01','España','España'),(511,298,'Kévin Soni','MED',27,'','1998-04-17','Cameroon','Cameroon'),(512,298,'Francisco Sandaza','DEL',0,'','1984-11-30','España','España'),(513,298,'Pedro Porro','MED',29,'','1999-09-13','España','España'),(514,298,'Eric Montes','DEF',28,'','1998-04-17','España','España'),(515,298,'Seung-Ho Paik','MED',32,'','1997-03-17','Korea Republic','Korea Republic'),(516,298,'Jose Suárez','POR',30,'','1995-12-18','España','España'),(517,298,'Yhoan Andzouana','MED',26,'','1996-12-13','Congo','Congo'),(518,298,'Valery','MED',34,'','1999-11-23','España','España'),(519,299,'Pablo Insua','DEF',18,'','1993-09-08','España','España'),(520,299,'Jovanović','POR',25,'','1992-12-06','Serbia','Serbia'),(521,299,'Axel Werner','POR',1,'','1996-02-28','Argentina','Argentina'),(522,299,'Serdar Gürler','DEL',21,'','1991-09-14','Turkey','Francia'),(523,299,'Moi Gómez','MED',6,'','1994-10-20','España','España'),(524,299,'Lluis Sastre','MED',22,'','1986-03-26','España','España'),(525,299,'Akapo','DEF',15,'','1993-03-12','Equatorial Guinea','España'),(526,299,'Juanjo Camacho','MED',0,'','1980-08-02','España','España'),(527,299,'Melero','MED',8,'','1994-01-02','España','España'),(528,299,'Cucho Hernández','MED',0,'','1999-04-22','Colombia','Colombia'),(529,299,'Álex Gallar','DEL',11,'','1992-03-19','España','España'),(530,299,'David Ferreiro','DEL',7,'','1988-04-01','España','España'),(531,299,'Pulido','DEF',14,'','1991-04-08','España','España'),(532,299,'Ezequiel Ávila','MED',19,'','1994-02-06','Argentina','Argentina'),(533,299,'Longo','DEL',12,'','1992-01-12','Italy','Italy'),(534,299,'Etxeita','DEF',3,'','1987-10-31','España','España'),(535,299,'Jorge Sanz','POR',0,'','1984-04-26','España','España'),(536,299,'Queco Piña','POR',0,'','1980-07-19','España','España'),(537,299,'Gonzo','POR',0,'','1996-01-05','España','España'),(538,299,'Santamaría','POR',13,'','1985-02-27','España','España'),(539,299,'Francesco Scardina','DEF',0,'','1981-12-11','Italy','Italy'),(540,299,'Antonio Pérez','DEF',0,'','1993-04-24','España','España'),(541,299,'Gaspar Gálvez','DEF',0,'','1979-07-07','España','España'),(542,299,'Aythami','DEF',0,'','1988-08-27','España','España'),(543,299,'Carlos Casero','DEF',0,'','1980-01-01','España','España'),(544,299,'Nagore','DEF',0,'','1980-12-27','España','España'),(545,299,'Rajko Brežančić','DEF',20,'','1989-08-21','Serbia','Serbia'),(546,299,'Álex','DEF',0,'','1994-02-07','España','España'),(547,299,'Ramón Murillo','MED',0,'','1980-01-01','España','España'),(548,299,'Lucas Elbaile','MED',0,'','1980-01-01','España','España'),(549,299,'Aguilera','MED',5,'','1985-09-13','España','España'),(550,299,'David López','MED',0,'','1982-09-10','España','España'),(551,299,'Gabriel Lorente Navarro','MED',0,'','1997-10-10','España','España'),(552,299,'Miguel Martínez','DEL',0,'','1993-03-18','España','España'),(553,299,'Jorge Conte','DEL',0,'','1980-01-01','España','España'),(554,299,'Javito Lopez','',0,'','1980-01-01','España','España'),(555,299,'Cristian Rivera','MED',17,'','1997-07-09','España','España'),(556,299,'Jorge Miramón','MED',24,'','1989-06-02','España','España'),(557,299,'Rubén Semedo','DEF',4,'','1994-04-04','Portugal','Portugal'),(558,299,'Luisinho','DEF',16,'','1985-05-05','Portugal','Portugal'),(559,299,'Damián Musto','MED',23,'','1987-06-09','Argentina','Argentina'),(560,558,'Maxi Gómez','DEL',0,'','1996-08-14','Uruguay','Uruguay'),(561,558,'Iago Aspas','DEL',10,'','1987-08-01','España','España'),(562,558,'Néstor Araujo','DEF',0,'','1991-08-29','Mexico','Mexico'),(563,558,'Pione Sisto','MED',11,'','1995-02-04','Denmark','Uganda'),(564,558,'Boufal','MED',19,'','1993-09-17','Morocco','Francia'),(565,558,'Júnior Alonso','DEF',25,'','1993-02-09','Paraguay','Paraguay'),(566,558,'Mathias Jensen','MED',18,'','1996-01-01','Denmark','Denmark'),(567,558,'Róbert Mazáň','DEF',15,'','1994-02-09','Slovakia','Slovakia'),(568,558,'David Costas','DEF',3,'','1995-03-26','España','España'),(569,558,'Okay Yokuşlu','MED',5,'','1994-03-09','Turkey','Turkey'),(570,558,'Hjulsager','MED',16,'','1995-01-15','Denmark','Denmark'),(571,558,'Fran Beltrán','MED',8,'','1999-02-03','España','España'),(572,558,'Iván Villar','POR',26,'','1997-07-09','España','España'),(573,558,'Juncà','DEF',17,'','1993-11-16','España','España'),(574,558,'Sergio Álvarez','POR',1,'','1986-08-03','España','España'),(575,558,'Rubén Blanco','POR',13,'','1995-07-25','España','España'),(576,558,'Brais Méndez','MED',23,'','1997-01-07','España','España'),(577,558,'Francisco Barbosa Vieites','POR',0,'','1999-05-07','España','España'),(578,558,'Daniel Sotres','POR',0,'','1993-05-21','España','España'),(579,558,'Cabral','DEF',22,'','1985-10-14','Argentina','Argentina'),(580,558,'Hugo Mallo','DEF',2,'','1991-06-22','España','España'),(581,558,'Diego Alende','DEF',0,'','1997-08-25','España','España'),(582,558,'Roncaglia','DEF',24,'','1987-02-10','Argentina','Argentina'),(583,558,'Nemanja Radoja','MED',0,'','1993-02-06','Serbia','Serbia'),(584,558,'Jozabed','MED',21,'','1991-03-08','España','España'),(585,558,'Lobotka','MED',14,'','1994-11-25','Slovakia','Slovakia'),(586,558,'Emre Mor','MED',7,'','1997-07-24','Turkey','Denmark'),(587,558,'Victor Pastrana','MED',0,'','1996-09-27','España','España'),(588,558,'Dani Molina','MED',0,'','1996-03-14','España','España'),(589,558,'Diego Pampín','DEL',0,'','2000-03-15','España','España'),(590,558,'Dennis Eckert','DEL',32,'','1997-01-09','Alemania','Alemania'),(591,558,'Kevin Vázquez','DEF',20,'','1993-03-23','España','España'),(592,559,'Jesús Navas','MED',16,'','1985-11-21','España','España'),(593,559,'Kjaer','DEF',4,'','1989-03-26','Denmark','Denmark'),(594,559,'Muriel','DEL',14,'','1991-04-16','Colombia','Colombia'),(595,559,'Mercado','DEF',25,'','1987-03-18','Argentina','Argentina'),(596,559,'Banega','MED',10,'','1988-06-29','Argentina','Argentina'),(597,559,'Franco Vázquez','MED',22,'','1989-02-22','Argentina','Argentina'),(598,559,'Nolito','MED',8,'','1986-10-15','España','España'),(599,559,'Ben Yedder','DEL',9,'','1990-08-12','Francia','Francia'),(600,559,'Sarabia','MED',17,'','1992-05-11','España','España'),(601,559,'Sergio Escudero','DEF',18,'','1989-09-02','España','España'),(602,559,'Roque Mesa','MED',7,'','1989-06-07','España','España'),(603,559,'Carriço','DEF',6,'','1988-08-04','Portugal','Portugal'),(604,559,'André Silva','DEL',12,'','1995-11-06','Portugal','Portugal'),(605,559,'Maxime Gonalons','MED',15,'','1989-03-10','Francia','Francia'),(606,559,'Amadou','DEF',5,'','1993-04-06','Francia','Cameroon'),(607,559,'Gnagnon','DEF',24,'','1997-01-13','Côte d’Ivoire','Francia'),(608,559,'Aleix Vidal','MED',11,'','1989-08-21','España','España'),(609,559,'Juan Soriano','POR',13,'','1997-08-23','España','España'),(610,559,'Guilherme Arana','MED',23,'','1997-04-14','Brasil','Brasil'),(611,559,'Vaclík','POR',1,'','1989-03-29','Czech Republic','Czech Republic'),(612,559,'Quincy Promes','DEL',21,'','1992-01-04','Netherlands','Netherlands'),(613,559,'Borja Lasso','MED',20,'','1994-01-01','España','España'),(614,559,'Lucho García','POR',0,'','1998-03-20','Colombia','Colombia'),(615,559,'José Mena','MED',0,'','1998-05-15','España','España'),(616,559,'Juan Berrocal','DEF',37,'','1999-02-05','España','España'),(617,559,'Pejiño','MED',0,'','1996-07-29','España','España'),(618,559,'Javier Vázquez López','DEL',0,'','2000-09-24','España','España'),(619,559,'Sergi Gómez','DEF',3,'','1992-03-28','España','España'),(620,745,'Juanfran','MED',2,'','1988-09-11','España','España'),(621,745,'Rubén Pérez','MED',21,'','1989-04-26','España','España'),(622,745,'Ezequiel Muñoz','DEF',19,'','1990-10-08','Argentina','Argentina'),(623,745,'Alexander Szymanowski','MED',0,'','1988-10-13','Argentina','Argentina'),(624,745,'Cuéllar','POR',1,'','1984-05-25','España','España'),(625,745,'Eraso','MED',17,'','1990-03-22','España','España'),(626,745,'El Zhar','DEL',10,'','1986-08-27','Morocco','Francia'),(627,745,'Mauro Dos Santos','DEF',0,'','1989-07-07','Argentina','Argentina'),(628,745,'Raúl García Carnero','DEF',14,'','1989-04-30','España','España'),(629,745,'Bustinza','DEF',3,'','1992-02-02','España','España'),(630,745,'Jonathan Silva','DEF',5,'','1994-06-29','Argentina','Argentina'),(631,745,'Omeruo','DEF',24,'','1993-10-17','Nigeria','Nigeria'),(632,745,'Óscar Rodríguez','MED',27,'','1998-06-28','España','España'),(633,745,'Nyom','DEF',12,'','1988-05-10','Cameroon','Francia'),(634,745,'Guido Carrillo','DEL',9,'','1991-05-25','Argentina','Argentina'),(635,745,'José Arnáiz','MED',0,'','1995-04-15','España','España'),(636,745,'Andriy Lunin','POR',29,'','1999-02-11','Ukraine','Ukraine'),(637,745,'Dani Ojeda','DEL',7,'','1994-12-03','España','España'),(638,745,'Michael Santos','DEL',20,'','1993-03-13','Uruguay','Uruguay'),(639,745,'Rodrigo Tarín','DEF',28,'','1996-07-05','España','España'),(640,745,'Sabin','DEL',18,'','1992-01-04','España','España'),(641,745,'Recio','MED',8,'','1991-01-11','España','España'),(642,745,'En-Nesyri','DEL',26,'','1997-06-01','Morocco','Morocco'),(643,745,'Diego Rolán','DEL',4,'','1993-03-24','Uruguay','Uruguay'),(644,745,'Owusu Kwabena','DEL',0,'','1997-07-18','Ghana','Ghana'),(645,745,'Serantes','POR',13,'','1989-01-01','España','España'),(646,745,'Siovas','DEF',22,'','1988-09-16','Greece','Greece'),(647,745,'Daniel Gallardo','DEF',0,'','1996-04-07','España','España'),(648,745,'Sergio Arribas','MED',0,'','1995-07-07','España','España'),(649,745,'Mozo','MED',0,'','1995-04-22','España','España'),(650,745,'Gumbau','MED',6,'','1994-12-18','España','España'),(651,745,'Jaime Sierra','MED',0,'','1998-03-18','España','España'),(652,745,'Gabriel Salazar','DEL',0,'','1996-06-18','España','España'),(653,745,'Mikel Vesga','MED',23,'','1993-05-21','España','España'),(654,745,'Javier Avilés Cortés','DEL',33,'','1997-08-17','España','España'),(655,299,'Enric Gallego','DEL',22,'','1986-09-12','España','España'),(656,94,'Iborra','MED',10,'','1988-01-16','España','España'),(657,745,'Braithwaite','DEL',25,'','1991-06-05','Dinamarca','Dinamarca'),(658,82,'Samu Sáiz','MED',11,'','1991-01-22','España','España'),(659,299,'Yangel Herrera','MED',21,'','1988-01-07','Venezuela','Venezuela'),(660,299,'Javi Galán','MED',12,'','1994-11-19','España','España'),(661,250,'Hervías','MED',0,'','1993-03-08','España','España'),(662,82,'Mathías Olivera','DEF',17,'','1997-10-31','Uruguay','Uruguay'),(663,78,'Morata','DEL',22,'','1992-10-23','España','España'),(664,90,'Diego Lainez','MED',22,'','2000-06-09','Mexico','Mexico'),(665,558,'Boudebouz','MED',24,'','1990-02-19','Argelia','Francia'),(666,95,'Roncaglia','DEF',4,'','1987-02-10','Argentina','Argentina'),(667,299,'Adrián Diéguez','DEF',4,'','1996-02-04','España','España'),(668,299,'Juanpi','MED',20,'','1994-01-24','España','Venezuela'),(669,87,'Mario Suárez','MED',15,'','1987-02-24','España','España'),(670,559,'Wöber','DEF',14,'','1998-02-04','Austria','Austria'),(671,559,'Marko Rog','MED',0,'','1995-07-19','Croacia','Croacia'),(672,745,'Vasyl Kravets','DEF',14,'','1997-08-20','Ucrania','Ucrania'),(673,298,'Raúl García Carnero','DEF',14,'','1989-04-30','España','España'),(674,80,'Wu Lei','DEL',24,'','1991-11-19','China','China'),(675,263,'Inui','MED',11,'','1988-06-04','Japon','Japon'),(676,745,'Diego Reyes','DEF',4,'','1992-09-19','Mexico','México'),(677,88,'Rúben Vezo','DEf',14,'','1994-04-25','Portugal','Portugal'),(678,92,'Le Normand','DEF',27,'','1996-11-11','Francia','Francia'),(679,77,'Íñigo Córdoba','MED',11,'','1997-03-13','España','España'),(680,80,'Alfa Semedo','MED',0,'','1997-08-30','Guinea','Guinea-Bisau'),(681,90,'Jesé','DEL',10,'','1993-02-26','España','España'),(682,559,'Munir El Haddadi','DEL',19,'','1995-09-01','España','España');
/*!40000 ALTER TABLE `jugador` ENABLE KEYS */;
UNLOCK TABLES;

--
-- Table structure for table `migration_versions`
--

DROP TABLE IF EXISTS `migration_versions`;
/*!40101 SET @saved_cs_client     = @@character_set_client */;
/*!40101 SET character_set_client = utf8 */;
CREATE TABLE `migration_versions` (
  `version` varchar(255) COLLATE utf8_unicode_ci NOT NULL,
  PRIMARY KEY (`version`)
) ENGINE=InnoDB DEFAULT CHARSET=utf8 COLLATE=utf8_unicode_ci;
/*!40101 SET character_set_client = @saved_cs_client */;

--
-- Dumping data for table `migration_versions`
--

LOCK TABLES `migration_versions` WRITE;
/*!40000 ALTER TABLE `migration_versions` DISABLE KEYS */;
INSERT INTO `migration_versions` VALUES ('20181013140815'),('20181013141026'),('20181013143708'),('20181013145717'),('20181014112832'),('20181014114854'),('20181014115928'),('20181014135325'),('20181021141247'),('20181021154048'),('20181028124814'),('20181028130354'),('20181110155031'),('20181110161518'),('20181110161837'),('20181209124710'),('20190106131224'),('20190106131820');
/*!40000 ALTER TABLE `migration_versions` ENABLE KEYS */;
UNLOCK TABLES;

--
-- Table structure for table `partido`
--

DROP TABLE IF EXISTS `partido`;
/*!40101 SET @saved_cs_client     = @@character_set_client */;
/*!40101 SET character_set_client = utf8 */;
CREATE TABLE `partido` (
  `id` int(11) NOT NULL AUTO_INCREMENT,
  `id_jornada` smallint(6) DEFAULT NULL,
  `goles_local` int(11) NOT NULL,
  `goles_visitante` int(11) NOT NULL,
  `id_equipo_local` int(11) DEFAULT NULL,
  `id_equipo_visitante` int(11) DEFAULT NULL,
  `finalizado` tinyint(1) NOT NULL,
  `fecha` datetime NOT NULL,
  PRIMARY KEY (`id`),
  KEY `IDX_4E79750BBF4FB5CF` (`id_jornada`),
  KEY `IDX_4E79750B566B345E` (`id_equipo_local`),
  KEY `IDX_4E79750BBE31F08D` (`id_equipo_visitante`),
  CONSTRAINT `FK_4E79750B566B345E` FOREIGN KEY (`id_equipo_local`) REFERENCES `equipo` (`id`),
  CONSTRAINT `FK_4E79750BBE31F08D` FOREIGN KEY (`id_equipo_visitante`) REFERENCES `equipo` (`id`),
  CONSTRAINT `FK_4E79750BBF4FB5CF` FOREIGN KEY (`id_jornada`) REFERENCES `jornada` (`id`)
) ENGINE=InnoDB AUTO_INCREMENT=1542 DEFAULT CHARSET=utf8mb4 COLLATE=utf8mb4_unicode_ci;
/*!40101 SET character_set_client = @saved_cs_client */;

--
-- Dumping data for table `partido`
--

LOCK TABLES `partido` WRITE;
/*!40000 ALTER TABLE `partido` DISABLE KEYS */;
INSERT INTO `partido` VALUES (1162,1,0,0,298,250,1,'2018-08-17 18:15:00'),(1163,1,0,3,90,88,1,'2018-08-17 20:15:00'),(1164,1,1,1,558,80,1,'2018-08-18 16:15:00'),(1165,1,1,2,94,92,1,'2018-08-18 18:15:00'),(1166,1,3,0,81,263,1,'2018-08-18 20:15:00'),(1167,1,1,2,278,299,1,'2018-08-19 16:15:00'),(1168,1,1,4,87,559,1,'2018-08-19 18:15:00'),(1169,1,2,0,86,82,1,'2018-08-19 20:15:00'),(1170,1,1,1,95,78,1,'2018-08-20 18:00:00'),(1171,1,2,1,77,745,1,'2018-08-20 20:00:00'),(1172,2,2,0,82,278,1,'2018-08-24 18:15:00'),(1173,2,2,2,745,92,1,'2018-08-24 20:15:00'),(1174,2,0,0,263,90,1,'2018-08-25 16:15:00'),(1175,2,1,0,78,87,1,'2018-08-25 18:15:00'),(1176,2,0,1,250,81,1,'2018-08-25 20:15:00'),(1177,2,2,0,80,95,1,'2018-08-26 16:15:00'),(1178,2,0,0,559,94,1,'2018-08-26 20:15:00'),(1179,2,1,4,298,86,1,'2018-08-26 20:15:00'),(1180,2,1,2,88,558,1,'2018-08-27 18:15:00'),(1181,2,2,2,77,299,1,'2018-08-27 20:00:00'),(1182,3,0,0,82,250,1,'2018-08-31 18:00:00'),(1183,3,0,1,94,298,1,'2018-08-31 20:00:00'),(1184,3,2,1,278,92,1,'2018-08-31 20:00:00'),(1185,3,2,0,558,78,1,'2018-09-01 16:30:00'),(1186,3,4,1,86,745,1,'2018-09-01 18:45:00'),(1187,3,2,2,88,95,1,'2018-09-02 10:00:00'),(1188,3,2,1,263,80,1,'2018-09-02 14:15:00'),(1189,3,8,2,81,299,1,'2018-09-02 16:30:00'),(1190,3,1,0,90,559,1,'2018-09-02 18:45:00'),(1191,4,0,1,299,87,1,'2018-09-14 19:00:00'),(1192,4,1,1,78,278,1,'2018-09-15 11:00:00'),(1193,4,1,2,92,81,1,'2018-09-15 14:15:00'),(1194,4,0,0,95,90,1,'2018-09-15 16:30:00'),(1195,4,1,1,77,86,1,'2018-09-15 18:45:00'),(1196,4,0,1,745,94,1,'2018-09-16 10:00:00'),(1197,4,1,0,80,88,1,'2018-09-16 14:15:00'),(1198,4,0,1,250,263,1,'2018-09-16 16:30:00'),(1199,4,0,2,559,82,1,'2018-09-16 18:45:00'),(1200,4,3,2,298,558,1,'2018-09-17 19:00:00'),(1201,5,0,1,299,92,1,'2018-09-21 19:00:00'),(1202,5,1,5,87,263,1,'2018-09-22 11:00:00'),(1203,5,3,3,558,250,1,'2018-09-22 14:15:00'),(1204,5,1,0,278,745,1,'2018-09-22 14:15:00'),(1205,5,0,2,82,78,1,'2018-09-22 16:30:00'),(1206,5,1,0,86,80,1,'2018-09-22 18:45:00'),(1207,5,2,6,88,559,1,'2018-09-23 10:00:00'),(1208,5,0,0,94,95,1,'2018-09-23 14:15:00'),(1209,5,2,2,90,77,1,'2018-09-23 18:00:00'),(1210,5,2,2,81,298,1,'2018-09-23 18:45:00'),(1211,6,1,0,80,278,1,'2018-09-25 18:00:00'),(1212,6,2,2,92,87,1,'2018-09-25 19:00:00'),(1213,6,3,0,78,299,1,'2018-09-25 20:00:00'),(1214,6,0,3,77,94,1,'2018-09-26 18:00:00'),(1215,6,2,1,745,81,1,'2018-09-26 18:00:00'),(1216,6,1,1,95,558,1,'2018-09-26 20:00:00'),(1217,6,3,0,559,86,1,'2018-09-26 20:00:00'),(1218,6,2,1,250,88,1,'2018-09-27 18:00:00'),(1219,6,1,1,263,82,1,'2018-09-27 18:00:00'),(1220,6,0,1,298,90,1,'2018-09-27 20:00:00'),(1221,7,2,2,87,80,1,'2018-09-28 19:00:00'),(1222,7,0,1,92,95,1,'2018-09-29 11:00:00'),(1223,7,1,1,81,77,1,'2018-09-29 14:15:00'),(1224,7,1,3,278,559,1,'2018-09-29 16:30:00'),(1225,7,0,0,86,78,1,'2018-09-29 18:45:00'),(1226,7,1,1,299,298,1,'2018-09-30 10:00:00'),(1227,7,0,1,94,250,1,'2018-09-30 14:15:00'),(1228,7,2,1,88,263,1,'2018-09-30 16:30:00'),(1229,7,1,0,90,745,1,'2018-09-30 18:45:00'),(1230,7,1,1,558,82,1,'2018-10-01 19:00:00'),(1231,8,1,3,77,92,1,'2018-10-05 19:00:00'),(1232,8,2,3,298,278,1,'2018-10-06 11:00:00'),(1233,8,0,1,82,88,1,'2018-10-06 14:15:00'),(1234,8,1,0,263,86,1,'2018-10-06 16:30:00'),(1235,8,1,0,745,87,1,'2018-10-06 18:45:00'),(1236,8,1,0,250,299,1,'2018-10-07 10:00:00'),(1237,8,1,0,78,90,1,'2018-10-07 14:15:00'),(1238,8,2,1,559,558,1,'2018-10-07 16:30:00'),(1239,8,3,1,80,94,1,'2018-10-07 16:30:00'),(1240,8,1,1,95,81,1,'2018-10-07 18:45:00'),(1241,9,0,1,558,263,1,'2018-10-19 19:00:00'),(1242,9,1,2,86,88,1,'2018-10-20 11:00:00'),(1243,9,1,1,95,745,1,'2018-10-20 14:15:00'),(1244,9,1,1,94,78,1,'2018-10-20 16:30:00'),(1245,9,4,2,81,559,1,'2018-10-20 18:45:00'),(1246,9,1,2,87,82,1,'2018-10-21 10:00:00'),(1247,9,1,1,278,77,1,'2018-10-21 14:15:00'),(1248,9,0,2,299,80,1,'2018-10-21 16:30:00'),(1249,9,0,1,90,250,1,'2018-10-21 18:45:00'),(1250,9,0,0,92,298,1,'2018-10-22 19:00:00'),(1251,3,1,1,87,77,1,'2018-10-24 17:00:00'),(1252,10,1,1,250,80,1,'2018-10-26 19:00:00'),(1253,10,2,1,298,87,1,'2018-10-27 11:00:00'),(1254,10,0,0,77,95,1,'2018-10-27 14:15:00'),(1255,10,2,0,88,745,1,'2018-10-27 16:30:00'),(1256,10,4,0,558,278,1,'2018-10-27 16:30:00'),(1257,10,2,0,78,92,1,'2018-10-27 18:45:00'),(1258,10,2,0,82,90,1,'2018-10-28 11:00:00'),(1259,10,5,1,81,86,1,'2018-10-28 15:15:00'),(1260,10,2,1,263,94,1,'2018-10-28 17:30:00'),(1261,10,2,1,559,299,1,'2018-10-28 19:45:00'),(1262,11,1,1,745,78,1,'2018-11-03 12:00:00'),(1263,11,2,0,86,250,1,'2018-11-03 15:15:00'),(1264,11,0,1,95,298,1,'2018-11-03 17:30:00'),(1265,11,2,3,87,81,1,'2018-11-03 19:45:00'),(1266,11,2,1,278,263,1,'2018-11-04 11:00:00'),(1267,11,1,1,94,88,1,'2018-11-04 15:15:00'),(1268,11,0,0,92,559,1,'2018-11-04 17:30:00'),(1269,11,1,1,299,82,1,'2018-11-04 17:30:00'),(1270,11,3,3,90,558,1,'2018-11-04 19:45:00'),(1271,11,1,0,80,77,1,'2018-11-05 20:00:00'),(1272,12,1,3,88,92,1,'2018-11-09 20:00:00'),(1273,12,0,0,250,278,1,'2018-11-10 12:00:00'),(1274,12,0,1,82,95,1,'2018-11-10 15:15:00'),(1275,12,3,2,78,77,1,'2018-11-10 17:30:00'),(1276,12,0,0,298,745,1,'2018-11-10 19:45:00'),(1277,12,2,1,263,299,1,'2018-11-11 11:00:00'),(1278,12,3,4,81,90,1,'2018-11-11 15:15:00'),(1279,12,2,1,559,80,1,'2018-11-11 17:30:00'),(1280,12,2,2,87,94,1,'2018-11-11 17:30:00'),(1281,12,2,4,558,86,1,'2018-11-11 19:45:00'),(1282,13,1,0,745,263,1,'2018-11-23 20:00:00'),(1283,13,3,0,278,86,1,'2018-11-24 12:00:00'),(1284,13,3,0,95,87,1,'2018-11-24 15:15:00'),(1285,13,2,2,299,88,1,'2018-11-24 17:30:00'),(1286,13,1,1,78,81,1,'2018-11-24 19:45:00'),(1287,13,1,1,77,82,1,'2018-11-25 11:00:00'),(1288,13,1,0,559,250,1,'2018-11-25 15:15:00'),(1289,13,1,3,80,298,1,'2018-11-25 17:30:00'),(1290,13,2,1,94,90,1,'2018-11-25 19:45:00'),(1291,13,2,1,92,558,1,'2018-11-26 20:00:00'),(1292,14,2,0,86,95,1,'2018-12-01 00:00:00'),(1293,14,2,0,81,94,1,'2018-12-01 00:00:00'),(1294,14,3,0,88,77,1,'2018-12-01 00:00:00'),(1295,14,3,0,82,80,1,'2018-12-01 00:00:00'),(1296,14,1,0,90,92,1,'2018-12-01 00:00:00'),(1297,14,1,0,87,278,1,'2018-12-01 00:00:00'),(1298,14,2,0,558,299,1,'2018-12-01 00:00:00'),(1299,14,2,4,250,745,1,'2018-12-01 00:00:00'),(1300,14,1,1,298,78,1,'2018-12-01 00:00:00'),(1301,14,1,1,263,559,1,'2018-12-01 00:00:00'),(1302,15,1,1,95,559,1,'2018-12-08 00:00:00'),(1303,15,3,0,78,263,1,'2018-12-08 00:00:00'),(1304,15,1,0,77,298,1,'2018-12-08 00:00:00'),(1305,15,1,2,92,250,1,'2018-12-08 00:00:00'),(1306,15,2,0,90,87,1,'2018-12-08 00:00:00'),(1307,15,0,4,80,81,1,'2018-12-08 00:00:00'),(1308,15,2,3,94,558,1,'2018-12-08 00:00:00'),(1309,15,0,1,299,86,1,'2018-12-08 00:00:00'),(1310,15,1,1,745,82,1,'2018-12-08 00:00:00'),(1311,15,4,4,278,88,1,'2018-12-08 00:00:00'),(1312,16,1,0,86,87,1,'2018-12-15 00:00:00'),(1313,16,0,5,88,81,1,'2018-12-15 00:00:00'),(1314,16,2,0,559,298,1,'2018-12-15 00:00:00'),(1315,16,1,0,82,92,1,'2018-12-15 00:00:00'),(1316,16,1,3,80,90,1,'2018-12-15 00:00:00'),(1317,16,0,0,558,745,1,'2018-12-15 00:00:00'),(1318,16,2,3,250,78,1,'2018-12-15 00:00:00'),(1319,16,2,2,299,94,1,'2018-12-15 00:00:00'),(1320,16,0,0,263,77,1,'2018-12-15 00:00:00'),(1321,16,1,1,278,95,1,'2018-12-15 00:00:00'),(1322,17,2,0,81,558,1,'2018-12-21 00:00:00'),(1323,17,2,1,95,299,1,'2018-12-21 00:00:00'),(1324,17,1,0,78,80,1,'2018-12-21 00:00:00'),(1325,17,1,1,77,250,1,'2018-12-21 00:00:00'),(1326,17,0,1,92,263,1,'2018-12-21 00:00:00'),(1327,17,1,1,90,278,1,'2018-12-21 00:00:00'),(1328,17,2,1,87,88,1,'2018-12-21 00:00:00'),(1329,17,1,1,298,82,1,'2018-12-21 00:00:00'),(1330,17,2,2,94,86,1,'2018-12-21 00:00:00'),(1331,17,1,1,745,559,1,'2018-12-21 00:00:00'),(1332,18,0,2,86,92,1,'2019-01-05 00:00:00'),(1333,18,2,2,88,298,1,'2019-01-05 00:00:00'),(1334,18,1,1,559,78,1,'2019-01-05 00:00:00'),(1335,18,1,2,82,81,1,'2019-01-05 00:00:00'),(1336,18,1,0,80,745,1,'2019-01-05 00:00:00'),(1337,18,1,2,558,77,1,'2019-01-05 00:00:00'),(1338,18,0,1,250,87,1,'2019-01-05 00:00:00'),(1339,18,2,1,299,90,1,'2019-01-05 00:00:00'),(1340,18,2,1,263,95,1,'2019-01-05 00:00:00'),(1341,18,0,0,278,94,1,'2019-01-05 00:00:00'),(1342,19,3,0,81,278,1,'2019-01-12 00:00:00'),(1343,19,1,1,95,250,1,'2019-01-12 00:00:00'),(1344,19,1,0,78,88,1,'2019-01-12 00:00:00'),(1345,19,2,0,77,559,1,'2019-01-12 00:00:00'),(1346,19,3,2,92,80,1,'2019-01-12 00:00:00'),(1347,19,1,2,90,86,1,'2019-01-12 00:00:00'),(1348,19,4,2,87,558,1,'2019-01-12 00:00:00'),(1349,19,1,1,298,263,1,'2019-01-12 00:00:00'),(1350,19,1,2,94,82,1,'2019-01-12 00:00:00'),(1351,19,1,0,745,299,1,'2019-01-12 00:00:00'),(1352,20,2,0,86,559,1,'2019-01-19 00:00:00'),(1353,20,3,1,81,745,1,'2019-01-19 00:00:00'),(1354,20,2,0,88,250,1,'2019-01-19 00:00:00'),(1355,20,4,0,82,263,1,'2019-01-19 00:00:00'),(1356,20,3,2,90,298,1,'2019-01-19 00:00:00'),(1357,20,2,2,87,92,1,'2019-01-19 00:00:00'),(1358,20,1,2,558,95,1,'2019-01-19 00:00:00'),(1359,20,1,1,94,77,1,'2019-01-19 00:00:00'),(1360,20,0,3,299,78,1,'2019-01-19 00:00:00'),(1361,20,3,0,278,80,1,'2019-01-19 00:00:00'),(1362,21,3,0,95,94,1,'2019-01-26 00:00:00'),(1363,21,2,0,78,82,1,'2019-01-26 00:00:00'),(1364,21,5,0,559,88,1,'2019-01-26 00:00:00'),(1365,21,1,0,77,90,1,'2019-01-26 00:00:00'),(1366,21,0,0,92,299,1,'2019-01-26 00:00:00'),(1367,21,2,4,80,86,1,'2019-01-26 00:00:00'),(1368,21,2,1,250,558,1,'2019-01-26 00:00:00'),(1369,21,0,2,298,81,1,'2019-01-26 00:00:00'),(1370,21,0,1,263,87,1,'2019-01-26 00:00:00'),(1371,21,2,2,745,278,1,'2019-01-26 00:00:00'),(1372,22,3,0,86,263,1,'2019-02-02 00:00:00'),(1373,22,2,2,81,95,1,'2019-02-02 00:00:00'),(1374,22,0,0,88,82,1,'2019-02-02 00:00:00'),(1375,22,2,1,92,77,1,'2019-02-02 00:00:00'),(1376,22,1,0,90,78,1,'2019-02-02 00:00:00'),(1377,22,1,2,87,745,1,'2019-02-02 00:00:00'),(1378,22,1,0,558,559,1,'2019-02-02 00:00:00'),(1379,22,2,2,94,80,1,'2019-02-02 00:00:00'),(1380,22,4,0,299,250,1,'2019-02-02 00:00:00'),(1381,22,3,0,278,298,1,'2019-02-02 00:00:00'),(1382,23,0,0,95,92,1,'2019-02-09 00:00:00'),(1383,23,1,3,78,86,1,'2019-02-09 00:00:00'),(1384,23,2,2,559,278,1,'2019-02-09 00:00:00'),(1385,23,0,0,77,81,1,'2019-02-09 00:00:00'),(1386,23,3,1,82,558,1,'2019-02-09 00:00:00'),(1387,23,2,1,80,87,1,'2019-02-09 00:00:00'),(1388,23,0,0,250,94,1,'2019-02-09 00:00:00'),(1389,23,0,2,298,299,1,'2019-02-09 00:00:00'),(1390,23,2,0,263,88,1,'2019-02-09 00:00:00'),(1391,23,3,0,745,90,1,'2019-02-09 00:00:00'),(1392,24,1,2,86,298,1,'2019-02-16 00:00:00'),(1393,24,1,0,81,250,1,'2019-02-16 00:00:00'),(1394,24,0,0,95,80,1,'2019-02-16 00:00:00'),(1395,24,3,0,92,745,1,'2019-02-16 00:00:00'),(1396,24,1,1,90,263,1,'2019-02-16 00:00:00'),(1397,24,0,1,87,78,1,'2019-02-16 00:00:00'),(1398,24,1,4,558,88,1,'2019-02-16 00:00:00'),(1399,24,3,0,94,559,1,'2019-02-16 00:00:00'),(1400,24,0,1,299,77,1,'2019-02-16 00:00:00'),(1401,24,2,2,278,82,1,'2019-02-16 00:00:00'),(1402,25,2,0,78,94,1,'2019-02-23 00:00:00'),(1403,25,1,2,88,86,1,'2019-02-23 00:00:00'),(1404,25,2,4,559,81,1,'2019-02-23 00:00:00'),(1405,25,1,0,77,278,1,'2019-02-23 00:00:00'),(1406,25,2,1,82,87,1,'2019-02-23 00:00:00'),(1407,25,1,1,80,299,1,'2019-02-23 00:00:00'),(1408,25,0,2,250,90,1,'2019-02-23 00:00:00'),(1409,25,0,0,298,92,1,'2019-02-23 00:00:00'),(1410,25,0,0,263,558,1,'2019-02-23 00:00:00'),(1411,25,1,1,745,95,1,'2019-02-23 00:00:00'),(1412,26,0,1,86,81,1,'2019-03-02 00:00:00'),(1413,26,2,0,95,77,1,'2019-03-02 00:00:00'),(1414,26,0,2,92,78,1,'2019-03-02 00:00:00'),(1415,26,1,2,90,82,1,'2019-03-02 00:00:00'),(1416,26,3,1,80,250,1,'2019-03-02 00:00:00'),(1417,26,0,2,87,298,1,'2019-03-02 00:00:00'),(1418,26,1,2,94,263,1,'2019-03-02 00:00:00'),(1419,26,2,1,299,559,1,'2019-03-02 00:00:00'),(1420,26,1,0,745,88,1,'2019-03-02 00:00:00'),(1421,26,1,0,278,558,1,'2019-03-02 00:00:00'),(1422,27,3,1,81,87,1,'2019-03-09 00:00:00'),(1423,27,1,0,78,745,1,'2019-03-09 00:00:00'),(1424,27,0,2,88,94,1,'2019-03-09 00:00:00'),(1425,27,5,2,559,92,1,'2019-03-09 00:00:00'),(1426,27,1,1,77,80,1,'2019-03-09 00:00:00'),(1427,27,2,1,82,299,1,'2019-03-09 00:00:00'),(1428,27,0,1,558,90,1,'2019-03-09 00:00:00'),(1429,27,1,4,250,86,1,'2019-03-09 00:00:00'),(1430,27,2,3,298,95,1,'2019-03-09 00:00:00'),(1431,27,1,1,263,278,1,'2019-03-09 00:00:00'),(1432,28,0,0,86,558,0,'2019-03-16 00:00:00'),(1433,28,0,0,95,82,0,'2019-03-16 00:00:00'),(1434,28,0,0,77,78,0,'2019-03-16 00:00:00'),(1435,28,0,0,92,88,0,'2019-03-16 00:00:00'),(1436,28,0,0,90,81,0,'2019-03-16 00:00:00'),(1437,28,0,0,80,559,0,'2019-03-16 00:00:00'),(1438,28,0,0,94,87,0,'2019-03-16 00:00:00'),(1439,28,0,0,299,263,0,'2019-03-16 00:00:00'),(1440,28,0,0,745,298,0,'2019-03-16 00:00:00'),(1441,28,0,0,278,250,0,'2019-03-16 00:00:00'),(1442,29,0,0,86,299,0,'2019-03-30 00:00:00'),(1443,29,0,0,81,80,0,'2019-03-30 00:00:00'),(1444,29,0,0,88,278,0,'2019-03-30 00:00:00'),(1445,29,0,0,559,95,0,'2019-03-30 00:00:00'),(1446,29,0,0,82,745,0,'2019-03-30 00:00:00'),(1447,29,0,0,87,90,0,'2019-03-30 00:00:00'),(1448,29,0,0,558,94,0,'2019-03-30 00:00:00'),(1449,29,0,0,250,92,0,'2019-03-30 00:00:00'),(1450,29,0,0,298,77,0,'2019-03-30 00:00:00'),(1451,29,0,0,263,78,0,'2019-03-30 00:00:00'),(1452,30,0,0,95,86,0,'2019-04-02 00:00:00'),(1453,30,0,0,78,298,0,'2019-04-02 00:00:00'),(1454,30,0,0,559,263,0,'2019-04-02 00:00:00'),(1455,30,0,0,77,88,0,'2019-04-02 00:00:00'),(1456,30,0,0,92,90,0,'2019-04-02 00:00:00'),(1457,30,0,0,80,82,0,'2019-04-02 00:00:00'),(1458,30,0,0,94,81,0,'2019-04-02 00:00:00'),(1459,30,0,0,299,558,0,'2019-04-02 00:00:00'),(1460,30,0,0,745,250,0,'2019-04-02 00:00:00'),(1461,30,0,0,278,87,0,'2019-04-02 00:00:00'),(1462,31,0,0,86,278,0,'2019-04-06 00:00:00'),(1463,31,0,0,81,78,0,'2019-04-06 00:00:00'),(1464,31,0,0,88,299,0,'2019-04-06 00:00:00'),(1465,31,0,0,82,77,0,'2019-04-06 00:00:00'),(1466,31,0,0,90,94,0,'2019-04-06 00:00:00'),(1467,31,0,0,87,95,0,'2019-04-06 00:00:00'),(1468,31,0,0,558,92,0,'2019-04-06 00:00:00'),(1469,31,0,0,250,559,0,'2019-04-06 00:00:00'),(1470,31,0,0,298,80,0,'2019-04-06 00:00:00'),(1471,31,0,0,263,745,0,'2019-04-06 00:00:00'),(1472,32,0,0,95,88,0,'2019-04-13 00:00:00'),(1473,32,0,0,78,558,0,'2019-04-13 00:00:00'),(1474,32,0,0,559,90,0,'2019-04-13 00:00:00'),(1475,32,0,0,77,87,0,'2019-04-13 00:00:00'),(1476,32,0,0,92,278,0,'2019-04-13 00:00:00'),(1477,32,0,0,80,263,0,'2019-04-13 00:00:00'),(1478,32,0,0,250,82,0,'2019-04-13 00:00:00'),(1479,32,0,0,298,94,0,'2019-04-13 00:00:00'),(1480,32,0,0,299,81,0,'2019-04-13 00:00:00'),(1481,32,0,0,745,86,0,'2019-04-13 00:00:00'),(1482,33,0,0,86,77,0,'2019-04-23 00:00:00'),(1483,33,0,0,81,92,0,'2019-04-23 00:00:00'),(1484,33,0,0,88,80,0,'2019-04-23 00:00:00'),(1485,33,0,0,82,559,0,'2019-04-23 00:00:00'),(1486,33,0,0,90,95,0,'2019-04-23 00:00:00'),(1487,33,0,0,87,299,0,'2019-04-23 00:00:00'),(1488,33,0,0,558,298,0,'2019-04-23 00:00:00'),(1489,33,0,0,94,745,0,'2019-04-23 00:00:00'),(1490,33,0,0,263,250,0,'2019-04-23 00:00:00'),(1491,33,0,0,278,78,0,'2019-04-23 00:00:00'),(1492,34,0,0,78,95,0,'2019-04-27 00:00:00'),(1493,34,0,0,88,90,0,'2019-04-27 00:00:00'),(1494,34,0,0,559,87,0,'2019-04-27 00:00:00'),(1495,34,0,0,82,86,0,'2019-04-27 00:00:00'),(1496,34,0,0,92,94,0,'2019-04-27 00:00:00'),(1497,34,0,0,80,558,0,'2019-04-27 00:00:00'),(1498,34,0,0,250,298,0,'2019-04-27 00:00:00'),(1499,34,0,0,299,278,0,'2019-04-27 00:00:00'),(1500,34,0,0,263,81,0,'2019-04-27 00:00:00'),(1501,34,0,0,745,77,0,'2019-04-27 00:00:00'),(1502,35,0,0,81,88,0,'2019-05-04 00:00:00'),(1503,35,0,0,95,278,0,'2019-05-04 00:00:00'),(1504,35,0,0,78,250,0,'2019-05-04 00:00:00'),(1505,35,0,0,77,263,0,'2019-05-04 00:00:00'),(1506,35,0,0,92,82,0,'2019-05-04 00:00:00'),(1507,35,0,0,90,80,0,'2019-05-04 00:00:00'),(1508,35,0,0,87,86,0,'2019-05-04 00:00:00'),(1509,35,0,0,298,559,0,'2019-05-04 00:00:00'),(1510,35,0,0,94,299,0,'2019-05-04 00:00:00'),(1511,35,0,0,745,558,0,'2019-05-04 00:00:00'),(1512,36,0,0,86,94,0,'2019-05-11 00:00:00'),(1513,36,0,0,88,87,0,'2019-05-11 00:00:00'),(1514,36,0,0,559,745,0,'2019-05-11 00:00:00'),(1515,36,0,0,82,298,0,'2019-05-11 00:00:00'),(1516,36,0,0,80,78,0,'2019-05-11 00:00:00'),(1517,36,0,0,558,81,0,'2019-05-11 00:00:00'),(1518,36,0,0,250,77,0,'2019-05-11 00:00:00'),(1519,36,0,0,299,95,0,'2019-05-11 00:00:00'),(1520,36,0,0,263,92,0,'2019-05-11 00:00:00'),(1521,36,0,0,278,90,0,'2019-05-11 00:00:00'),(1522,37,0,0,81,82,0,'2019-05-18 00:00:00'),(1523,37,0,0,95,263,0,'2019-05-18 00:00:00'),(1524,37,0,0,78,559,0,'2019-05-18 00:00:00'),(1525,37,0,0,77,558,0,'2019-05-18 00:00:00'),(1526,37,0,0,92,86,0,'2019-05-18 00:00:00'),(1527,37,0,0,90,299,0,'2019-05-18 00:00:00'),(1528,37,0,0,87,250,0,'2019-05-18 00:00:00'),(1529,37,0,0,298,88,0,'2019-05-18 00:00:00'),(1530,37,0,0,94,278,0,'2019-05-18 00:00:00'),(1531,37,0,0,745,80,0,'2019-05-18 00:00:00'),(1532,38,0,0,86,90,0,'2019-05-25 00:00:00'),(1533,38,0,0,88,78,0,'2019-05-25 00:00:00'),(1534,38,0,0,559,77,0,'2019-05-25 00:00:00'),(1535,38,0,0,82,94,0,'2019-05-25 00:00:00'),(1536,38,0,0,80,92,0,'2019-05-25 00:00:00'),(1537,38,0,0,558,87,0,'2019-05-25 00:00:00'),(1538,38,0,0,250,95,0,'2019-05-25 00:00:00'),(1539,38,0,0,299,745,0,'2019-05-25 00:00:00'),(1540,38,0,0,263,298,0,'2019-05-25 00:00:00'),(1541,38,0,0,278,81,0,'2019-05-25 00:00:00');
/*!40000 ALTER TABLE `partido` ENABLE KEYS */;
UNLOCK TABLES;

--
-- Table structure for table `tarjeta`
--

DROP TABLE IF EXISTS `tarjeta`;
/*!40101 SET @saved_cs_client     = @@character_set_client */;
/*!40101 SET character_set_client = utf8 */;
CREATE TABLE `tarjeta` (
  `id` int(11) NOT NULL AUTO_INCREMENT,
  `id_jugador` int(11) DEFAULT NULL,
  `id_partido` int(11) DEFAULT NULL,
  `minuto` int(11) NOT NULL,
  `tipo` smallint(6) NOT NULL,
  PRIMARY KEY (`id`),
  KEY `IDX_AE90B7868CE0C668` (`id_jugador`),
  KEY `IDX_AE90B78690E4DC7B` (`id_partido`),
  CONSTRAINT `FK_AE90B7868CE0C668` FOREIGN KEY (`id_jugador`) REFERENCES `jugador` (`id`),
  CONSTRAINT `FK_AE90B78690E4DC7B` FOREIGN KEY (`id_partido`) REFERENCES `partido` (`id`)
) ENGINE=InnoDB AUTO_INCREMENT=4317 DEFAULT CHARSET=utf8mb4 COLLATE=utf8mb4_unicode_ci;
/*!40101 SET character_set_client = @saved_cs_client */;

--
-- Dumping data for table `tarjeta`
--

LOCK TABLES `tarjeta` WRITE;
/*!40000 ALTER TABLE `tarjeta` DISABLE KEYS */;
INSERT INTO `tarjeta` VALUES (2871,504,1162,87,1),(2872,412,1162,86,1),(2873,251,1163,90,1),(2874,245,1163,82,1),(2875,565,1164,90,1),(2876,576,1164,43,1),(2877,561,1164,70,1),(2878,80,1164,90,1),(2879,83,1164,73,1),(2880,351,1165,67,1),(2881,302,1165,51,1),(2882,304,1165,77,1),(2883,290,1165,75,1),(2884,435,1166,41,1),(2885,436,1166,10,1),(2886,476,1167,50,1),(2887,533,1167,90,1),(2888,222,1168,12,1),(2889,166,1169,68,1),(2890,152,1169,79,1),(2891,136,1169,42,1),(2892,146,1169,79,1),(2893,137,1169,41,1),(2894,155,1169,77,1),(2895,141,1169,27,1),(2896,149,1169,63,1),(2897,368,1170,45,1),(2898,356,1170,70,1),(2899,40,1170,63,1),(2900,43,1170,52,1),(2901,55,1170,13,1),(2902,9,1171,17,1),(2903,1,1171,53,1),(2904,24,1171,90,1),(2905,18,1171,78,1),(2906,630,1171,81,1),(2907,628,1171,41,1),(2908,650,1171,76,1),(2909,634,1171,55,1),(2910,638,1171,88,1),(2911,136,1172,1,1),(2912,160,1172,46,1),(2913,630,1173,90,1),(2914,304,1173,53,1),(2915,290,1173,80,1),(2916,447,1174,70,1),(2917,431,1174,47,1),(2918,428,1174,40,1),(2919,281,1174,23,1),(2920,36,1175,88,1),(2921,220,1175,29,1),(2922,418,1176,49,1),(2923,105,1176,60,1),(2924,79,1177,48,1),(2925,361,1177,30,1),(2926,500,1179,65,1),(2927,513,1179,33,1),(2928,178,1179,67,1),(2929,167,1179,86,1),(2930,163,1179,88,1),(2931,593,1178,90,1),(2932,595,1178,44,1),(2933,600,1178,81,1),(2934,332,1178,5,1),(2935,331,1178,88,1),(2936,244,1180,90,1),(2937,243,1180,74,1),(2938,574,1180,77,1),(2939,580,1180,63,1),(2940,564,1180,90,1),(2941,29,1181,42,1),(2942,13,1181,73,1),(2943,531,1181,72,1),(2944,559,1181,90,1),(2945,136,1182,89,1),(2946,134,1182,15,1),(2947,160,1182,42,1),(2948,399,1182,40,1),(2949,456,1184,14,1),(2950,473,1184,75,1),(2951,479,1184,34,1),(2952,289,1184,80,1),(2953,290,1184,58,1),(2954,332,1183,85,1),(2955,338,1183,75,1),(2956,346,1183,89,1),(2957,503,1183,56,1),(2958,497,1183,23,1),(2959,580,1185,76,1),(2960,565,1185,48,1),(2961,585,1185,41,1),(2962,569,1185,74,1),(2963,55,1185,51,1),(2964,55,1185,70,1),(2965,55,1185,70,2),(2966,41,1185,17,1),(2967,34,1185,28,1),(2968,37,1185,57,1),(2969,162,1186,3,1),(2970,638,1186,27,1),(2971,242,1187,48,1),(2972,247,1187,45,1),(2973,247,1187,76,1),(2974,247,1187,76,2),(2975,251,1187,90,1),(2976,377,1187,90,1),(2977,376,1187,90,1),(2978,432,1188,40,1),(2979,446,1188,39,1),(2980,431,1188,19,1),(2981,428,1188,17,1),(2982,87,1188,44,1),(2983,73,1188,45,1),(2984,88,1188,90,1),(2985,100,1189,88,1),(2986,558,1189,26,1),(2987,559,1189,87,1),(2988,269,1190,64,1),(2989,274,1190,30,1),(2990,267,1190,81,1),(2991,593,1190,71,1),(2992,595,1190,42,1),(2993,602,1190,45,1),(2994,602,1190,66,1),(2995,602,1190,66,2),(2996,600,1190,81,1),(2997,604,1190,45,1),(2998,194,1251,59,1),(2999,18,1251,53,1),(3000,558,1191,90,1),(3001,532,1191,79,1),(3002,191,1191,53,1),(3003,35,1192,51,1),(3004,36,1192,39,1),(3005,479,1192,54,1),(3006,483,1192,16,1),(3007,289,1193,43,1),(3008,109,1193,87,1),(3009,361,1194,76,1),(3010,372,1194,74,1),(3011,364,1194,62,1),(3012,377,1194,16,1),(3013,355,1194,31,1),(3014,359,1194,90,1),(3015,276,1194,81,1),(3016,265,1194,77,1),(3017,263,1194,36,1),(3018,5,1195,90,1),(3019,9,1195,45,1),(3020,1,1195,72,1),(3021,14,1195,78,1),(3022,29,1195,60,1),(3023,28,1195,68,1),(3024,178,1195,85,1),(3025,163,1195,87,1),(3026,629,1196,90,1),(3027,630,1196,27,1),(3028,633,1196,64,1),(3029,621,1196,82,1),(3030,331,1196,45,1),(3031,332,1196,48,1),(3032,333,1196,90,1),(3033,80,1197,90,1),(3034,242,1197,61,1),(3035,245,1197,90,1),(3036,391,1198,50,1),(3037,398,1198,41,1),(3038,409,1198,87,1),(3039,447,1198,45,1),(3040,451,1198,18,1),(3041,592,1199,21,1),(3042,596,1199,69,1),(3043,602,1199,14,1),(3044,133,1199,21,1),(3045,152,1199,70,1),(3046,136,1199,19,1),(3047,146,1199,16,1),(3048,137,1199,45,1),(3049,145,1199,76,1),(3050,509,1200,90,1),(3051,579,1200,70,1),(3052,579,1200,90,1),(3053,579,1200,90,2),(3054,571,1200,70,1),(3055,558,1201,43,1),(3056,529,1201,65,1),(3057,530,1201,90,1),(3058,528,1201,45,1),(3059,533,1201,76,1),(3060,302,1201,82,2),(3061,314,1201,23,1),(3062,290,1201,71,1),(3063,290,1201,71,2),(3064,290,1201,71,1),(3065,203,1202,35,2),(3066,194,1202,90,1),(3067,448,1202,23,1),(3068,447,1202,83,1),(3069,573,1203,49,1),(3070,582,1203,42,1),(3071,412,1203,20,1),(3072,384,1203,25,1),(3073,471,1204,24,1),(3074,650,1204,67,1),(3075,151,1205,56,1),(3076,160,1205,67,2),(3077,43,1205,84,1),(3078,41,1205,82,1),(3079,168,1206,6,1),(3080,179,1206,77,1),(3081,77,1206,45,1),(3082,83,1206,26,1),(3083,241,1207,20,1),(3084,608,1207,62,1),(3085,322,1208,84,1),(3086,331,1208,38,1),(3087,320,1208,63,1),(3088,332,1208,90,1),(3089,361,1208,22,1),(3090,355,1208,58,2),(3091,272,1209,70,1),(3092,269,1209,53,1),(3093,5,1209,90,1),(3094,12,1209,87,1),(3095,9,1209,40,1),(3096,1,1209,50,1),(3097,14,1209,45,1),(3098,17,1209,38,1),(3099,17,1209,45,1),(3100,17,1209,45,2),(3101,99,1210,35,2),(3102,117,1210,12,1),(3103,105,1210,81,1),(3104,101,1210,15,1),(3105,490,1210,39,1),(3106,498,1210,61,1),(3107,497,1210,68,1),(3108,487,1210,16,1),(3109,88,1211,60,1),(3110,89,1211,25,1),(3111,464,1211,74,1),(3112,476,1211,66,1),(3113,305,1212,77,1),(3114,304,1212,89,1),(3115,306,1212,81,1),(3116,301,1212,15,1),(3117,193,1212,61,1),(3118,195,1212,62,1),(3119,211,1212,90,1),(3120,557,1213,45,1),(3121,559,1213,67,1),(3122,15,1214,73,1),(3123,333,1214,76,1),(3124,629,1215,49,1),(3125,621,1215,40,1),(3126,642,1215,90,1),(3127,633,1215,88,1),(3128,109,1215,60,1),(3129,113,1215,64,1),(3130,359,1216,56,1),(3131,580,1216,48,1),(3132,571,1216,75,1),(3133,561,1216,45,1),(3134,596,1217,74,1),(3135,597,1217,34,1),(3136,600,1217,79,1),(3137,165,1217,64,1),(3138,162,1217,65,1),(3139,183,1217,27,1),(3140,186,1217,87,1),(3141,451,1219,89,1),(3142,442,1219,82,1),(3143,428,1219,44,1),(3144,431,1219,82,1),(3145,146,1219,90,1),(3146,155,1219,75,1),(3147,403,1218,74,1),(3148,243,1218,90,1),(3149,251,1218,22,1),(3150,259,1218,41,1),(3151,259,1218,54,1),(3152,259,1218,54,2),(3153,497,1220,73,1),(3154,276,1220,90,1),(3155,280,1220,70,1),(3156,282,1220,37,1),(3157,219,1221,58,1),(3158,209,1221,64,1),(3159,220,1221,88,1),(3160,86,1221,79,1),(3161,83,1221,83,1),(3162,81,1221,87,1),(3163,299,1222,80,1),(3164,301,1222,63,1),(3165,308,1222,90,1),(3166,357,1222,90,1),(3167,372,1222,70,1),(3168,367,1222,9,1),(3169,370,1222,90,1),(3170,360,1222,45,1),(3171,111,1223,78,1),(3172,115,1223,89,1),(3173,9,1223,48,1),(3174,29,1223,90,1),(3175,21,1223,90,1),(3176,467,1224,17,1),(3177,478,1224,56,1),(3178,610,1224,90,1),(3179,596,1224,80,1),(3180,597,1224,89,1),(3181,178,1225,30,1),(3182,168,1225,90,1),(3183,177,1225,61,1),(3184,43,1225,48,1),(3185,36,1225,70,1),(3186,51,1225,59,1),(3187,44,1225,90,1),(3188,549,1226,34,1),(3189,559,1226,45,1),(3190,532,1226,28,1),(3191,530,1226,87,1),(3192,490,1226,70,1),(3193,487,1226,39,1),(3194,332,1227,35,1),(3195,324,1227,60,1),(3196,323,1227,45,1),(3197,392,1227,82,1),(3198,391,1227,85,1),(3199,384,1227,36,1),(3200,240,1228,90,1),(3201,243,1228,90,1),(3202,253,1228,45,1),(3203,251,1228,85,1),(3204,233,1228,73,1),(3205,255,1228,80,1),(3206,242,1228,90,1),(3207,427,1228,86,1),(3208,624,1229,87,1),(3209,629,1229,38,1),(3210,621,1229,90,1),(3211,642,1229,3,1),(3212,580,1230,90,1),(3213,561,1230,82,1),(3214,152,1230,20,1),(3215,134,1230,82,1),(3216,15,1231,19,1),(3217,12,1231,29,1),(3218,29,1231,39,1),(3219,18,1231,67,1),(3220,17,1231,26,1),(3221,26,1231,31,1),(3222,303,1231,57,1),(3223,289,1231,83,1),(3224,301,1231,38,1),(3225,300,1231,90,1),(3226,291,1231,70,1),(3227,503,1232,11,1),(3228,498,1232,6,1),(3229,507,1232,15,1),(3230,468,1232,59,1),(3231,469,1232,20,1),(3232,470,1232,61,1),(3233,479,1232,41,1),(3234,476,1232,34,1),(3235,133,1233,26,1),(3236,151,1233,90,1),(3237,136,1233,13,1),(3238,134,1233,90,2),(3239,147,1233,90,1),(3240,244,1233,42,1),(3241,253,1233,33,1),(3242,233,1233,31,1),(3243,255,1233,90,1),(3244,254,1233,22,1),(3245,428,1234,54,1),(3246,632,1235,43,1),(3247,203,1235,80,1),(3248,224,1235,43,1),(3249,224,1235,82,1),(3250,224,1235,82,2),(3251,207,1235,55,1),(3252,401,1236,6,1),(3253,557,1236,27,1),(3254,522,1236,13,1),(3255,40,1237,77,1),(3256,35,1237,58,1),(3257,43,1237,47,1),(3258,50,1237,88,1),(3259,41,1237,78,1),(3260,280,1237,41,1),(3261,281,1237,85,1),(3262,283,1237,90,1),(3263,84,1239,5,1),(3264,79,1239,45,1),(3265,87,1239,90,1),(3266,322,1239,47,1),(3267,352,1239,33,1),(3268,603,1238,56,1),(3269,610,1238,89,1),(3270,596,1238,17,1),(3271,579,1238,90,1),(3272,562,1238,56,1),(3273,562,1238,58,1),(3274,562,1238,58,2),(3275,582,1238,52,1),(3276,374,1240,43,1),(3277,355,1240,58,1),(3278,108,1240,58,1),(3279,103,1240,41,1),(3280,579,1241,58,1),(3281,570,1241,90,1),(3282,446,1241,11,1),(3283,434,1241,88,1),(3284,439,1241,64,1),(3285,246,1242,53,1),(3286,253,1242,89,1),(3287,355,1243,90,1),(3288,650,1243,48,1),(3289,632,1243,33,1),(3290,321,1244,68,1),(3291,335,1244,44,1),(3292,327,1244,31,1),(3293,43,1244,28,1),(3294,611,1245,62,1),(3295,191,1246,89,1),(3296,209,1246,77,1),(3297,211,1246,86,1),(3298,211,1246,90,1),(3299,211,1246,90,2),(3300,218,1246,75,1),(3301,133,1246,77,1),(3302,151,1246,81,1),(3303,146,1246,24,1),(3304,155,1246,47,1),(3305,149,1246,84,1),(3306,478,1247,23,1),(3307,481,1247,75,1),(3308,15,1247,65,1),(3309,18,1247,87,1),(3310,3,1247,28,1),(3311,556,1248,90,1),(3312,559,1248,58,1),(3313,532,1248,67,1),(3314,80,1248,73,1),(3315,79,1248,68,1),(3316,86,1248,39,1),(3317,387,1249,85,1),(3318,403,1249,26,1),(3319,392,1249,40,1),(3320,391,1249,59,1),(3321,299,1250,72,1),(3322,295,1250,41,1),(3323,289,1250,53,1),(3324,513,1250,81,1),(3325,392,1252,45,1),(3326,401,1252,63,1),(3327,412,1252,61,1),(3328,409,1252,90,1),(3329,80,1252,75,1),(3330,77,1252,73,1),(3331,509,1253,72,1),(3332,493,1253,88,2),(3333,216,1253,73,1),(3334,192,1253,33,1),(3335,211,1253,60,1),(3336,28,1254,20,1),(3337,1,1254,77,1),(3338,373,1254,90,1),(3339,370,1254,16,1),(3340,374,1254,35,1),(3341,359,1254,38,1),(3342,362,1254,74,1),(3343,244,1255,83,1),(3344,243,1255,61,1),(3345,631,1255,70,1),(3346,646,1255,53,1),(3347,55,1257,53,1),(3348,36,1257,49,1),(3349,301,1257,44,1),(3350,151,1258,38,1),(3351,262,1258,90,1),(3352,273,1258,49,1),(3353,111,1259,38,1),(3354,103,1259,77,1),(3355,168,1259,39,1),(3356,183,1259,53,1),(3357,448,1260,73,1),(3358,322,1260,27,1),(3359,603,1261,45,1),(3360,610,1261,61,1),(3361,556,1261,60,1),(3362,522,1261,45,1),(3363,532,1261,90,1),(3364,624,1262,85,1),(3365,630,1262,53,1),(3366,642,1262,13,1),(3367,638,1262,90,1),(3368,50,1262,29,1),(3369,47,1262,90,1),(3370,170,1263,45,1),(3371,372,1264,77,1),(3372,373,1264,28,1),(3373,363,1264,36,1),(3374,375,1264,79,1),(3375,488,1264,59,1),(3376,501,1264,40,1),(3377,500,1264,39,1),(3378,491,1264,30,1),(3379,199,1265,89,1),(3380,191,1265,6,1),(3381,218,1265,49,1),(3382,204,1265,90,1),(3383,106,1265,70,1),(3384,99,1265,17,1),(3385,468,1266,78,1),(3386,457,1266,62,2),(3387,479,1266,88,1),(3388,478,1266,73,1),(3389,448,1266,24,2),(3390,335,1267,90,1),(3391,331,1267,30,1),(3392,351,1267,39,1),(3393,248,1267,78,1),(3394,253,1267,31,1),(3395,255,1267,37,1),(3396,302,1268,85,1),(3397,592,1268,73,1),(3398,606,1268,79,1),(3399,602,1268,90,1),(3400,556,1269,23,1),(3401,557,1269,74,1),(3402,559,1269,59,1),(3403,530,1269,74,1),(3404,529,1269,85,1),(3405,151,1269,85,1),(3406,136,1269,90,1),(3407,132,1269,54,1),(3408,268,1270,78,1),(3409,271,1270,69,1),(3410,280,1270,72,1),(3411,267,1270,65,1),(3412,573,1270,62,1),(3413,569,1270,82,1),(3414,86,1271,66,1),(3415,29,1271,48,1),(3416,7,1271,20,1),(3417,11,1271,76,1),(3418,237,1272,88,1),(3419,242,1272,24,1),(3420,248,1272,65,1),(3421,243,1272,76,1),(3422,251,1272,49,1),(3423,254,1272,13,1),(3424,289,1272,53,1),(3425,393,1273,81,1),(3426,391,1273,41,1),(3427,468,1273,15,1),(3428,468,1273,72,1),(3429,468,1273,72,2),(3430,473,1273,63,1),(3431,479,1273,87,1),(3432,133,1274,30,1),(3433,152,1274,75,1),(3434,152,1274,79,1),(3435,152,1274,79,2),(3436,368,1274,90,1),(3437,373,1274,54,1),(3438,363,1274,56,1),(3439,44,1275,90,1),(3440,37,1275,38,1),(3441,45,1275,66,1),(3442,47,1275,66,1),(3443,15,1275,86,1),(3444,12,1275,90,1),(3445,1,1275,90,2),(3446,1,1275,90,1),(3447,14,1275,49,1),(3448,7,1275,82,1),(3449,493,1276,90,1),(3450,637,1276,71,1),(3451,625,1276,69,1),(3452,632,1276,19,1),(3453,634,1276,90,1),(3454,435,1277,74,1),(3455,452,1277,45,1),(3456,427,1277,73,1),(3457,525,1277,76,1),(3458,557,1277,45,1),(3459,559,1277,70,1),(3460,528,1277,90,1),(3461,111,1278,44,1),(3462,111,1278,81,1),(3463,111,1278,81,2),(3464,115,1278,59,1),(3465,100,1278,73,1),(3466,268,1278,69,1),(3467,265,1278,24,1),(3468,191,1280,44,1),(3469,335,1280,61,1),(3470,335,1280,90,1),(3471,335,1280,90,2),(3472,338,1280,87,1),(3473,603,1279,18,1),(3474,595,1279,61,1),(3475,601,1279,88,1),(3476,597,1279,8,1),(3477,74,1279,83,1),(3478,86,1279,54,1),(3479,579,1281,40,1),(3480,579,1281,87,1),(3481,579,1281,87,2),(3482,580,1281,41,1),(3483,573,1281,44,1),(3484,187,1281,37,1),(3485,188,1281,53,1),(3486,633,1282,62,1),(3487,632,1282,15,1),(3488,446,1282,73,1),(3489,448,1282,49,1),(3490,451,1282,52,1),(3491,443,1282,75,1),(3492,458,1283,33,1),(3493,476,1283,36,1),(3494,183,1283,44,1),(3495,361,1284,28,1),(3496,374,1284,74,1),(3497,193,1284,22,1),(3498,193,1284,87,1),(3499,193,1284,87,2),(3500,192,1284,51,1),(3501,209,1284,41,1),(3502,520,1285,75,1),(3503,531,1285,12,1),(3504,532,1285,81,1),(3505,240,1285,81,1),(3506,233,1285,67,1),(3507,259,1285,10,1),(3508,40,1286,87,1),(3509,50,1286,39,1),(3510,48,1286,86,1),(3511,37,1286,71,1),(3512,38,1286,48,1),(3513,109,1286,71,1),(3514,115,1286,29,1),(3515,102,1286,90,1),(3516,15,1287,90,1),(3517,12,1287,80,1),(3518,11,1287,25,1),(3519,21,1287,73,1),(3520,25,1287,90,1),(3521,146,1287,32,1),(3522,137,1287,29,1),(3523,155,1287,27,1),(3524,149,1287,90,1),(3525,608,1288,81,1),(3526,603,1288,64,1),(3527,601,1288,39,1),(3528,403,1288,21,1),(3529,411,1288,89,1),(3530,404,1288,87,1),(3531,74,1289,41,1),(3532,79,1289,89,1),(3533,73,1289,75,1),(3534,501,1289,28,1),(3535,499,1289,26,1),(3536,505,1289,89,1),(3537,487,1289,41,1),(3538,333,1290,89,1),(3539,340,1290,72,1),(3540,269,1290,89,1),(3541,298,1291,90,1),(3542,308,1291,89,1),(3543,573,1291,76,1),(3544,560,1291,87,1),(3545,216,1297,80,1),(3546,194,1297,46,1),(3547,211,1297,75,1),(3548,218,1297,19,1),(3549,213,1297,67,1),(3550,473,1297,65,1),(3551,479,1297,38,1),(3552,476,1297,60,1),(3553,575,1298,59,1),(3554,564,1298,32,1),(3555,534,1298,37,1),(3556,559,1298,31,1),(3557,528,1298,29,1),(3558,630,1299,62,1),(3559,633,1299,78,1),(3560,621,1299,15,1),(3561,137,1295,18,1),(3562,144,1295,21,1),(3563,149,1295,58,1),(3564,84,1295,77,1),(3565,92,1295,14,1),(3566,173,1292,71,1),(3567,372,1292,6,1),(3568,373,1292,20,1),(3569,374,1292,11,1),(3570,268,1296,76,1),(3571,280,1296,59,1),(3572,273,1296,46,1),(3573,274,1296,79,1),(3574,302,1296,62,1),(3575,296,1296,80,1),(3576,36,1300,41,1),(3577,41,1300,89,1),(3578,34,1300,72,1),(3579,37,1300,89,1),(3580,38,1300,17,1),(3581,106,1293,69,1),(3582,99,1293,18,1),(3583,321,1293,90,1),(3584,335,1293,26,1),(3585,333,1293,11,1),(3586,339,1293,90,1),(3587,431,1301,24,1),(3588,434,1301,55,1),(3589,440,1301,90,1),(3590,597,1301,84,1),(3591,602,1301,26,1),(3592,600,1301,39,1),(3593,243,1294,24,1),(3594,255,1294,60,1),(3595,252,1294,41,1),(3596,12,1294,65,1),(3597,21,1294,73,2),(3598,11,1294,40,1),(3599,24,1294,90,1),(3600,25,1294,40,1),(3601,17,1294,84,1),(3602,633,1310,49,1),(3603,621,1310,90,2),(3604,136,1310,75,1),(3605,149,1310,42,1),(3606,52,1303,58,1),(3607,44,1303,22,1),(3608,34,1303,79,1),(3609,47,1303,5,1),(3610,69,1303,90,1),(3611,446,1303,90,1),(3612,452,1303,37,1),(3613,434,1303,16,1),(3614,439,1303,15,1),(3615,595,1302,45,1),(3616,597,1302,36,1),(3617,604,1302,90,1),(3618,612,1302,37,1),(3619,335,1308,39,1),(3620,332,1308,48,1),(3621,351,1308,14,1),(3622,575,1308,90,1),(3623,569,1308,76,1),(3624,560,1308,85,1),(3625,80,1307,79,1),(3626,469,1311,90,1),(3627,471,1311,77,1),(3628,240,1311,1,1),(3629,243,1311,82,1),(3630,534,1309,42,1),(3631,519,1309,80,1),(3632,178,1309,26,1),(3633,173,1309,39,1),(3634,304,1305,73,1),(3635,306,1305,66,1),(3636,393,1305,4,1),(3637,401,1305,71,1),(3638,262,1306,58,1),(3639,274,1306,31,1),(3640,209,1306,33,1),(3641,207,1306,33,1),(3642,224,1306,61,1),(3643,28,1304,81,1),(3644,11,1304,78,1),(3645,14,1304,55,1),(3646,498,1304,83,1),(3647,568,1317,85,1),(3648,573,1317,28,1),(3649,560,1317,35,1),(3650,624,1317,90,1),(3651,653,1317,24,1),(3652,642,1317,17,1),(3653,131,1315,86,1),(3654,145,1315,35,1),(3655,141,1315,32,1),(3656,678,1315,38,1),(3657,289,1315,63,1),(3658,296,1315,33,1),(3659,307,1315,72,1),(3660,392,1318,45,1),(3661,412,1318,90,1),(3662,405,1318,27,1),(3663,409,1318,23,1),(3664,36,1318,78,1),(3665,192,1312,39,1),(3666,194,1312,83,1),(3667,219,1312,64,1),(3668,356,1321,78,1),(3669,596,1314,85,1),(3670,600,1314,89,1),(3671,518,1314,33,1),(3672,84,1316,56,1),(3673,81,1316,84,1),(3674,73,1316,45,1),(3675,268,1316,53,1),(3676,272,1316,65,1),(3677,267,1316,18,1),(3678,274,1316,23,1),(3679,519,1319,53,1),(3680,531,1319,73,1),(3681,532,1319,16,1),(3682,332,1319,43,1),(3683,332,1319,65,1),(3684,332,1319,65,2),(3685,338,1319,42,1),(3686,323,1319,66,1),(3687,246,1313,76,2),(3688,244,1313,25,1),(3689,253,1313,59,1),(3690,106,1313,45,1),(3691,111,1313,36,1),(3692,110,1313,18,1),(3693,448,1320,58,1),(3694,443,1320,87,1),(3695,12,1320,48,1),(3696,29,1320,14,1),(3697,504,1329,86,1),(3698,145,1329,36,1),(3699,156,1329,90,1),(3700,291,1326,25,1),(3701,306,1326,90,1),(3702,435,1326,90,1),(3703,448,1326,76,1),(3704,434,1326,22,1),(3705,428,1326,34,1),(3706,273,1327,57,1),(3707,264,1327,71,1),(3708,467,1327,42,1),(3709,471,1327,33,1),(3710,476,1327,87,1),(3711,470,1327,88,1),(3712,42,1324,85,1),(3713,86,1324,88,1),(3714,561,1322,45,1),(3715,9,1325,61,1),(3716,29,1325,24,1),(3717,18,1325,78,1),(3718,413,1325,44,1),(3719,401,1325,32,1),(3720,368,1323,49,1),(3721,373,1323,84,1),(3722,364,1323,90,1),(3723,374,1323,87,1),(3724,360,1323,34,1),(3725,356,1323,63,1),(3726,376,1323,31,1),(3727,519,1323,54,1),(3728,555,1323,84,1),(3729,533,1323,82,1),(3730,630,1331,70,1),(3731,633,1331,17,1),(3732,621,1331,59,1),(3733,595,1331,45,1),(3734,597,1331,45,2),(3735,604,1331,67,1),(3736,599,1331,44,1),(3737,226,1328,90,1),(3738,194,1328,90,1),(3739,241,1328,58,1),(3740,255,1328,80,1),(3741,335,1330,45,1),(3742,331,1330,90,1),(3743,177,1330,89,1),(3744,179,1330,41,1),(3745,241,1333,21,1),(3746,241,1333,69,2),(3747,240,1333,28,1),(3748,248,1333,56,1),(3749,487,1333,35,1),(3750,80,1336,35,1),(3751,83,1336,68,1),(3752,629,1336,20,1),(3753,631,1336,72,1),(3754,650,1336,70,1),(3755,650,1336,90,1),(3756,650,1336,90,2),(3757,641,1336,67,1),(3758,207,1338,56,1),(3759,211,1338,59,1),(3760,219,1338,65,1),(3761,432,1340,82,1),(3762,446,1340,13,1),(3763,452,1340,25,1),(3764,362,1340,22,1),(3765,361,1340,46,1),(3766,377,1340,80,1),(3767,534,1339,45,1),(3768,523,1339,85,1),(3769,528,1339,41,1),(3770,271,1339,78,1),(3771,264,1339,8,1),(3772,322,1341,58,1),(3773,344,1341,69,1),(3774,603,1334,90,1),(3775,592,1334,45,1),(3776,596,1334,72,1),(3777,600,1334,47,1),(3778,604,1334,90,1),(3779,35,1334,78,1),(3780,55,1334,90,1),(3781,44,1334,14,1),(3782,48,1334,77,1),(3783,41,1334,49,1),(3784,34,1334,90,1),(3785,38,1334,54,1),(3786,166,1332,52,1),(3787,163,1332,40,1),(3788,163,1332,61,1),(3789,163,1332,61,2),(3790,162,1332,75,1),(3791,171,1332,88,1),(3792,296,1332,36,1),(3793,151,1335,61,1),(3794,146,1335,69,1),(3795,145,1335,15,1),(3796,144,1335,77,1),(3797,106,1335,15,1),(3798,101,1335,12,1),(3799,100,1335,65,1),(3800,580,1337,67,1),(3801,569,1337,25,1),(3802,29,1337,58,1),(3803,679,1337,40,1),(3804,24,1337,90,1),(3805,26,1337,15,1),(3806,25,1337,85,1),(3807,203,1348,16,1),(3808,193,1348,71,1),(3809,204,1348,80,1),(3810,219,1348,90,1),(3811,576,1348,19,1),(3812,629,1351,58,1),(3813,630,1351,89,1),(3814,646,1351,35,1),(3815,538,1351,65,1),(3816,531,1351,67,1),(3817,527,1351,30,1),(3818,355,1343,64,1),(3819,363,1343,81,1),(3820,393,1343,76,1),(3821,391,1343,20,1),(3822,412,1343,67,1),(3823,418,1343,37,1),(3824,409,1343,13,1),(3825,513,1349,90,1),(3826,509,1349,40,1),(3827,505,1349,80,1),(3828,487,1349,61,1),(3829,446,1349,52,1),(3830,439,1349,21,1),(3831,322,1350,89,1),(3832,331,1350,39,1),(3833,326,1350,36,1),(3834,325,1350,85,1),(3835,145,1350,13,1),(3836,155,1350,30,1),(3837,132,1350,90,1),(3838,246,1344,85,1),(3839,243,1344,90,1),(3840,253,1344,42,1),(3841,6,1345,81,1),(3842,12,1345,90,1),(3843,29,1345,64,1),(3844,24,1345,76,1),(3845,607,1345,90,1),(3846,601,1345,28,1),(3847,602,1345,26,1),(3848,105,1342,70,1),(3849,103,1342,44,1),(3850,481,1342,42,1),(3851,265,1347,4,1),(3852,274,1347,86,1),(3853,177,1347,42,1),(3854,175,1347,62,1),(3855,162,1347,35,1),(3856,294,1346,94,1),(3857,299,1346,33,1),(3858,305,1346,58,1),(3859,289,1346,61,1),(3860,306,1346,43,1),(3861,306,1346,75,1),(3862,306,1346,75,2),(3863,296,1346,64,1),(3864,84,1346,7,1),(3865,80,1346,65,1),(3866,78,1346,69,1),(3867,87,1346,22,1),(3868,448,1355,77,1),(3869,452,1355,40,1),(3870,434,1355,62,1),(3871,428,1355,78,1),(3872,179,1352,61,1),(3873,173,1352,65,1),(3874,603,1352,30,1),(3875,593,1352,85,1),(3876,596,1352,54,1),(3877,534,1360,24,1),(3878,655,1360,68,1),(3879,39,1360,62,1),(3880,44,1360,64,1),(3881,580,1358,76,1),(3882,582,1358,92,1),(3883,576,1358,58,1),(3884,584,1358,11,1),(3885,372,1358,42,1),(3886,374,1358,42,1),(3887,377,1358,80,1),(3888,283,1356,66,1),(3889,263,1356,46,1),(3890,497,1356,55,1),(3891,513,1356,11,1),(3892,518,1356,39,1),(3893,499,1356,83,1),(3894,335,1359,62,1),(3895,322,1359,37,1),(3896,332,1359,57,1),(3897,656,1359,54,1),(3898,14,1359,40,1),(3899,246,1354,87,1),(3900,247,1354,97,1),(3901,248,1354,14,1),(3902,253,1354,61,1),(3903,255,1354,55,1),(3904,252,1354,95,1),(3905,403,1354,40,1),(3906,393,1354,90,1),(3907,404,1354,78,1),(3908,418,1354,15,1),(3909,383,1354,97,1),(3910,226,1357,88,1),(3911,204,1357,76,1),(3912,297,1357,87,1),(3913,118,1353,60,1),(3914,119,1353,54,1),(3915,115,1353,12,1),(3916,631,1353,30,1),(3917,639,1353,22,1),(3918,657,1353,8,1),(3919,476,1361,28,1),(3920,481,1361,86,1),(3921,80,1361,40,1),(3922,86,1361,91,1),(3923,81,1361,18,1),(3924,88,1361,69,1),(3925,73,1361,85,1),(3926,596,1364,56,1),(3927,595,1364,40,1),(3928,244,1364,86,1),(3929,52,1363,48,1),(3930,48,1363,76,1),(3931,136,1363,34,1),(3932,136,1363,88,1),(3933,136,1363,88,2),(3934,146,1363,83,1),(3935,146,1363,91,1),(3936,146,1363,91,2),(3937,132,1363,47,1),(3938,658,1363,90,1),(3939,131,1363,71,1),(3940,646,1371,35,1),(3941,641,1371,52,1),(3942,456,1371,66,1),(3943,458,1371,38,1),(3944,483,1371,88,1),(3945,373,1362,72,1),(3946,332,1362,76,1),(3947,333,1362,15,1),(3948,656,1362,26,1),(3949,401,1368,90,1),(3950,405,1368,60,1),(3951,580,1368,40,1),(3952,573,1368,89,1),(3953,564,1368,52,1),(3954,488,1369,52,1),(3955,490,1369,29,1),(3956,490,1369,51,1),(3957,490,1369,51,2),(3958,498,1369,69,1),(3959,487,1369,89,1),(3960,99,1369,31,1),(3961,100,1369,37,1),(3962,115,1369,43,1),(3963,28,1365,87,1),(3964,15,1365,84,2),(3965,9,1365,82,1),(3966,1,1365,26,1),(3967,7,1365,31,1),(3968,272,1365,24,1),(3969,283,1365,50,1),(3970,525,1366,94,1),(3971,556,1366,59,1),(3972,659,1366,63,1),(3973,94,1367,85,1),(3974,83,1367,7,1),(3975,89,1367,34,1),(3976,181,1367,91,1),(3977,178,1367,81,1),(3978,177,1367,27,1),(3979,180,1367,72,2),(3980,168,1367,88,1),(3981,432,1370,84,1),(3982,435,1370,57,1),(3983,216,1370,69,1),(3984,209,1370,85,1),(3985,194,1370,84,1),(3986,219,1370,91,1),(3987,224,1370,89,1),(3988,660,1380,69,1),(3989,519,1380,63,1),(3990,531,1380,82,1),(3991,523,1380,85,1),(3992,528,1380,37,1),(3993,559,1380,83,1),(3994,393,1380,88,1),(3995,398,1380,85,1),(3996,246,1374,56,1),(3997,243,1374,21,1),(3998,255,1374,20,1),(3999,159,1374,31,1),(4000,156,1374,22,1),(4001,145,1374,34,1),(4002,293,1375,81,1),(4003,28,1375,55,1),(4004,118,1373,31,1),(4005,111,1373,47,1),(4006,106,1373,91,1),(4007,576,1378,90,1),(4008,571,1378,80,1),(4009,569,1378,49,1),(4010,568,1378,88,1),(4011,619,1378,63,1),(4012,596,1378,89,1),(4013,600,1378,29,1),(4014,599,1378,88,1),(4015,334,1379,4,1),(4016,322,1379,53,1),(4017,339,1379,40,1),(4018,656,1379,86,1),(4019,80,1379,60,1),(4020,79,1379,64,1),(4021,91,1379,82,1),(4022,87,1379,91,1),(4023,81,1379,39,1),(4024,276,1376,87,1),(4025,268,1376,82,1),(4026,270,1376,85,1),(4027,280,1376,83,1),(4028,52,1376,40,1),(4029,50,1376,51,1),(4030,44,1376,41,1),(4031,458,1381,92,1),(4032,479,1381,41,1),(4033,497,1381,9,1),(4034,446,1372,32,1),(4035,433,1372,54,1),(4036,428,1372,74,1),(4037,203,1377,1,1),(4038,204,1377,90,1),(4039,191,1377,8,1),(4040,224,1377,49,1),(4041,211,1377,40,1),(4042,NULL,1377,73,1),(4043,624,1377,94,1),(4044,629,1377,51,1),(4045,630,1377,13,1),(4046,633,1377,58,2),(4047,641,1377,54,1),(4048,661,1388,65,1),(4049,412,1388,56,1),(4050,409,1388,8,1),(4051,322,1388,29,1),(4052,324,1388,42,1),(4053,662,1386,89,1),(4054,149,1386,64,1),(4055,156,1386,69,1),(4056,568,1386,87,1),(4057,560,1386,37,1),(4058,560,1386,37,2),(4059,560,1386,37,1),(4060,39,1383,41,1),(4061,50,1383,58,1),(4062,41,1383,72,1),(4063,34,1383,62,1),(4064,34,1383,80,1),(4065,34,1383,80,2),(4066,38,1383,24,1),(4067,663,1383,68,1),(4068,187,1383,64,1),(4069,163,1383,22,1),(4070,162,1383,66,1),(4071,204,1387,71,1),(4072,191,1387,77,1),(4073,490,1389,48,1),(4074,490,1389,68,1),(4075,490,1389,68,2),(4076,508,1389,69,1),(4077,660,1389,81,1),(4078,631,1391,53,1),(4079,653,1391,26,1),(4080,641,1391,76,1),(4081,657,1391,92,1),(4082,262,1391,28,1),(4083,261,1391,80,2),(4084,664,1391,89,1),(4085,364,1382,57,1),(4086,376,1382,26,1),(4087,302,1382,33,1),(4088,304,1382,86,1),(4089,289,1382,76,1),(4090,308,1382,78,1),(4091,601,1384,39,1),(4092,596,1384,65,1),(4093,596,1384,84,1),(4094,596,1384,84,2),(4095,592,1384,88,1),(4096,469,1384,88,1),(4097,476,1384,52,1),(4098,15,1385,68,1),(4099,15,1385,91,1),(4100,15,1385,91,2),(4101,9,1385,91,1),(4102,29,1385,52,1),(4103,99,1385,72,1),(4104,115,1385,78,1),(4105,446,1390,70,1),(4106,451,1390,65,1),(4107,434,1390,48,1),(4108,246,1390,44,1),(4109,245,1390,80,1),(4110,458,1401,90,1),(4111,479,1401,78,1),(4112,136,1401,44,1),(4113,665,1398,49,2),(4114,564,1398,44,1),(4115,249,1398,80,1),(4116,39,1397,92,1),(4117,297,1395,21,1),(4118,293,1395,63,1),(4119,302,1395,90,1),(4120,296,1395,45,1),(4121,629,1395,89,1),(4122,646,1395,46,1),(4123,107,1393,67,1),(4124,398,1393,34,1),(4125,401,1393,70,1),(4126,418,1393,11,1),(4127,177,1392,64,1),(4128,177,1392,90,1),(4129,177,1392,90,2),(4130,179,1392,88,1),(4131,497,1392,86,1),(4132,493,1392,48,1),(4133,666,1394,84,1),(4134,363,1394,66,1),(4135,77,1394,28,1),(4136,77,1394,95,1),(4137,77,1394,95,2),(4138,86,1394,75,1),(4139,83,1394,87,1),(4140,335,1399,52,1),(4141,332,1399,68,1),(4142,325,1399,12,1),(4143,322,1399,81,1),(4144,602,1399,60,1),(4145,268,1396,83,1),(4146,269,1396,44,1),(4147,664,1396,73,1),(4148,265,1396,12,1),(4149,448,1396,9,1),(4150,667,1400,68,1),(4151,556,1400,41,1),(4152,523,1400,73,1),(4153,659,1400,38,1),(4154,655,1400,42,1),(4155,28,1400,32,1),(4156,86,1407,31,1),(4157,680,1407,80,1),(4158,534,1407,25,1),(4159,660,1407,76,1),(4160,668,1407,69,1),(4161,532,1407,28,1),(4162,133,1406,32,1),(4163,151,1406,82,1),(4164,669,1406,90,1),(4165,593,1404,80,1),(4166,670,1404,57,1),(4167,671,1404,49,1),(4168,600,1404,83,1),(4169,597,1404,70,1),(4170,602,1404,90,1),(4171,105,1404,38,1),(4172,448,1410,59,1),(4173,452,1410,46,1),(4174,580,1410,70,1),(4175,569,1410,54,1),(4176,12,1405,83,1),(4177,9,1405,13,1),(4178,14,1405,55,1),(4179,468,1405,87,1),(4180,470,1405,58,1),(4181,479,1405,46,1),(4182,483,1405,77,1),(4183,629,1411,72,1),(4184,672,1411,21,1),(4185,632,1411,69,1),(4186,621,1411,84,1),(4187,642,1411,94,1),(4188,357,1411,68,1),(4189,373,1411,25,1),(4190,353,1411,90,1),(4191,335,1402,66,1),(4192,333,1402,79,1),(4193,351,1402,70,1),(4194,391,1408,62,1),(4195,264,1408,83,1),(4196,269,1408,20,1),(4197,245,1403,84,1),(4198,255,1403,57,1),(4199,255,1403,88,1),(4200,255,1403,88,2),(4201,252,1403,25,1),(4202,168,1403,28,1),(4203,168,1403,86,1),(4204,168,1403,86,2),(4205,163,1403,68,1),(4206,504,1409,70,1),(4207,509,1409,66,1),(4208,493,1409,54,1),(4209,487,1409,32,1),(4210,306,1409,86,1),(4211,203,1417,60,2),(4212,209,1417,89,1),(4213,669,1417,6,1),(4214,204,1417,75,1),(4215,497,1417,92,1),(4216,499,1417,64,1),(4217,673,1417,77,1),(4218,504,1417,84,1),(4219,87,1416,52,1),(4220,73,1416,91,1),(4221,391,1416,68,1),(4222,412,1416,91,1),(4223,335,1418,71,1),(4224,333,1418,89,1),(4225,446,1418,65,1),(4226,442,1418,40,1),(4227,439,1418,30,1),(4228,534,1419,61,1),(4229,660,1419,66,1),(4230,531,1419,78,1),(4231,659,1419,77,1),(4232,532,1419,99,1),(4233,593,1419,54,1),(4234,595,1419,98,1),(4235,671,1419,40,1),(4236,612,1419,45,1),(4237,178,1412,89,1),(4238,177,1412,61,1),(4239,170,1412,82,1),(4240,99,1412,63,1),(4241,115,1412,2,1),(4242,469,1421,74,1),(4243,568,1421,37,1),(4244,268,1415,93,1),(4245,267,1415,86,1),(4246,155,1415,12,1),(4247,149,1415,51,1),(4248,304,1414,3,1),(4249,35,1414,63,1),(4250,36,1414,41,1),(4251,36,1414,62,1),(4252,36,1414,62,2),(4253,48,1414,59,1),(4254,12,1413,70,1),(4255,9,1413,53,1),(4256,18,1413,14,1),(4257,624,1420,70,1),(4258,676,1420,65,1),(4259,646,1420,82,1),(4260,632,1420,95,1),(4261,641,1420,44,1),(4262,639,1420,87,1),(4263,246,1420,30,1),(4264,677,1420,82,1),(4265,253,1420,86,1),(4266,247,1420,86,1),(4267,12,1426,78,1),(4268,1,1426,46,1),(4269,29,1426,36,1),(4270,79,1426,24,1),(4271,86,1426,73,1),(4272,85,1426,45,1),(4273,NULL,1426,21,1),(4274,81,1426,87,1),(4275,444,1431,53,1),(4276,471,1431,26,1),(4277,39,1423,14,1),(4278,51,1423,53,1),(4279,621,1423,65,1),(4280,657,1423,15,1),(4281,115,1422,79,1),(4282,204,1422,68,1),(4283,194,1422,89,1),(4284,534,1427,21,1),(4285,660,1427,5,1),(4286,559,1427,83,1),(4287,530,1427,70,1),(4288,580,1428,95,1),(4289,569,1428,64,1),(4290,560,1428,76,1),(4291,497,1430,88,1),(4292,373,1430,20,1),(4293,666,1430,62,1),(4294,666,1430,72,1),(4295,666,1430,72,2),(4296,361,1430,82,1),(4297,246,1424,36,1),(4298,243,1424,76,1),(4299,255,1424,85,1),(4300,322,1424,69,1),(4301,332,1424,23,1),(4302,656,1424,82,1),(4303,326,1424,39,1),(4304,325,1424,60,1),(4305,603,1425,81,1),(4306,682,1425,47,1),(4307,293,1425,44,1),(4308,301,1425,36,1),(4309,391,1429,61,1),(4310,181,1429,64,1),(4311,161,1429,12,1),(4312,187,1429,48,1),(4313,179,1429,69,1),(4314,179,1429,80,1),(4315,179,1429,80,2),(4316,166,1429,93,1);
/*!40000 ALTER TABLE `tarjeta` ENABLE KEYS */;
UNLOCK TABLES;

--
-- Table structure for table `user`
--

DROP TABLE IF EXISTS `user`;
/*!40101 SET @saved_cs_client     = @@character_set_client */;
/*!40101 SET character_set_client = utf8 */;
CREATE TABLE `user` (
  `id` int(11) NOT NULL AUTO_INCREMENT,
  `username` varchar(255) COLLATE utf8mb4_unicode_ci NOT NULL,
  `password` varchar(255) COLLATE utf8mb4_unicode_ci NOT NULL,
  `date_create` datetime NOT NULL,
  `date_update` datetime NOT NULL,
  PRIMARY KEY (`id`),
  UNIQUE KEY `UNIQ_8D93D649F85E0677` (`username`)
) ENGINE=InnoDB AUTO_INCREMENT=2 DEFAULT CHARSET=utf8mb4 COLLATE=utf8mb4_unicode_ci;
/*!40101 SET character_set_client = @saved_cs_client */;

--
-- Dumping data for table `user`
--

LOCK TABLES `user` WRITE;
/*!40000 ALTER TABLE `user` DISABLE KEYS */;
INSERT INTO `user` VALUES (1,'julyandillo','$2y$13$fHV5wTHG0T4h2M3GTFEQ0esI.362oukrc1jlleBtw2u6Z7TaaxyCW','2018-12-09 16:57:11','2018-12-09 16:57:11');
/*!40000 ALTER TABLE `user` ENABLE KEYS */;
UNLOCK TABLES;
/*!40103 SET TIME_ZONE=@OLD_TIME_ZONE */;

/*!40101 SET SQL_MODE=@OLD_SQL_MODE */;
/*!40014 SET FOREIGN_KEY_CHECKS=@OLD_FOREIGN_KEY_CHECKS */;
/*!40014 SET UNIQUE_CHECKS=@OLD_UNIQUE_CHECKS */;
/*!40101 SET CHARACTER_SET_CLIENT=@OLD_CHARACTER_SET_CLIENT */;
/*!40101 SET CHARACTER_SET_RESULTS=@OLD_CHARACTER_SET_RESULTS */;
/*!40101 SET COLLATION_CONNECTION=@OLD_COLLATION_CONNECTION */;
/*!40111 SET SQL_NOTES=@OLD_SQL_NOTES */;

-- Dump completed on 2019-03-27 21:29:35
